panel,strategy,architecture,calibration_delta,validation_delta,G,G_lower95,G_upper95,R,R_lower95,R_upper95
4_global,direct_1,"6,10,15,17",0.4662974526484809,0.45137428864836693,0.0,0.0,0.0,0.0,0.0,0.0
4_global,direct_10,"6,10,15,17",0.4662974526484809,0.45137428864836693,0.0,0.0,0.0,0.0,0.0,0.0
4_global,direct_11,"6,10,15,17",0.4662974526484809,0.45137428864836693,0.0,0.0,0.0,0.0,0.0,0.0
4_global,direct_15,"6,10,15,17",0.4662974526484809,0.45137428864836693,0.0,0.0,0.0,0.0,0.0,0.0
4_global,direct_3,"6,10,15,17",0.4662974526484809,0.45137428864836693,0.0,0.0,0.0,0.0,0.0,0.0
4_global,direct_5,"6,10,15,17",0.4662974526484809,0.45137428864836693,0.0,0.0,0.0,0.0,0.0,0.0
4_global,s1,"6,10,15,17",0.4662974526484809,0.45137428864836693,0.0,0.0,0.0,0.0,0.0,0.0
4_global,s1_top5,"6,10,15,17",0.4662974526484809,0.45137428864836693,0.0,0.0,0.0,0.0,0.0,0.0
4_global,s2,"6,10,15,17",0.4662974526484809,0.45137428864836693,0.0,0.0,0.0,0.0,0.0,0.0
4_global,s2_top5,"6,10,15,17",0.4662974526484809,0.45137428864836693,0.0,0.0,0.0,0.0,0.0,0.0
4_low,direct_1,"10,12,19,24",0.7062969232598939,0.6802464686334133,0.1650059074163437,0.15164750767871737,0.17809955971315503,0.1715113427489996,0.1557109375949949,0.19036437682807442
4_low,direct_10,"12,15,17,24",0.5498860465983548,0.5152405612170696,0.0,0.0,0.0,0.006505435332655907,0.0,0.02161720604635775
4_low,direct_11,"12,15,17,24",0.5498860465983548,0.5152405612170696,0.0,0.0,0.0,0.006505435332655907,0.0,0.02161720604635775
4_low,direct_15,"12,15,17,24",0.5498860465983548,0.5152405612170696,0.0,0.0,0.0,0.006505435332655907,0.0,0.02161720604635775
4_low,direct_3,"6,12,17,19",0.6394570581614971,0.6327630765736103,0.11752251535654068,0.09826929345726967,0.13766465047374365,0.12402795068919659,0.10884079649113118,0.1415912281256169
4_low,direct_5,"6,12,17,19",0.6394570581614971,0.6327630765736103,0.11752251535654068,0.09826929345726967,0.13766465047374365,0.12402795068919659,0.10884079649113118,0.1415912281256169
4_low,s1,"6,8,10,12",0.678974406172832,0.6252253334969282,0.10998477227985859,0.09100190829485655,0.12926633809693155,0.1164902076125145,0.09928661375306547,0.13652862366288898
4_low,s1_top5,"3,12,15,17",0.5570408602555594,0.5087351258844137,-0.006505435332655907,-0.02161720604635775,0.008097250806167718,0.0,0.0,0.008097250806167718
4_low,s2,"12,15,17,24",0.5498860465983548,0.5152405612170696,0.0,0.0,0.0,0.006505435332655907,0.0,0.02161720604635775
4_low,s2_top5,"12,15,17,24",0.5498860465983548,0.5152405612170696,0.0,0.0,0.0,0.006505435332655907,0.0,0.02161720604635775
6_global,direct_1,"8,10,15,17,21,26",1.3302854225039482,1.2767562009394169,0.01688433438539505,-0.01801641136407852,0.049434419441968136,0.01775122806429863,0.0,0.05105504374951123
6_global,direct_10,"8,10,15,17,21,26",1.3302854225039482,1.2767562009394169,0.01688433438539505,-0.01801641136407852,0.049434419441968136,0.01775122806429863,0.0,0.05105504374951123
6_global,direct_11,"8,10,15,17,21,26",1.3302854225039482,1.2767562009394169,0.01688433438539505,-0.01801641136407852,0.049434419441968136,0.01775122806429863,0.0,0.05105504374951123
6_global,direct_15,"3,6,12,17,19,26",1.3133951437970004,1.2598718665540218,0.0,0.0,0.0,0.0008668936789035797,0.0,0.025110246520489425
6_global,direct_3,"8,10,15,17,21,26",1.3302854225039482,1.2767562009394169,0.01688433438539505,-0.01801641136407852,0.049434419441968136,0.01775122806429863,0.0,0.05105504374951123
6_global,direct_5,"8,10,15,17,21,26",1.3302854225039482,1.2767562009394169,0.01688433438539505,-0.01801641136407852,0.049434419441968136,0.01775122806429863,0.0,0.05105504374951123
6_global,s1,"3,6,8,15,17,19",1.505976901700099,1.4087546207010746,0.14888275414705276,0.11100480007007718,0.18571517085656522,0.14974964782595634,0.1216803852468729,0.18744515394791958
6_global,s1_top5,"8,10,15,17,21,26",1.3302854225039482,1.2767562009394169,0.01688433438539505,-0.01801641136407852,0.049434419441968136,0.01775122806429863,0.0,0.05105504374951123
6_global,s2,"3,6,12,17,19,26",1.3133951437970004,1.2598718665540218,0.0,0.0,0.0,0.0008668936789035797,0.0,0.025110246520489425
6_global,s2_top5,"3,6,12,17,19,26",1.3133951437970004,1.2598718665540218,0.0,0.0,0.0,0.0008668936789035797,0.0,0.025110246520489425
6_low,direct_1,"6,8,10,15,17,21",1.1387717065711818,1.0588009804487228,0.009605854749679565,-0.01684404443949461,0.03697338607162237,0.009605854749679565,0.0,0.03697338607162237
6_low,direct_10,"6,8,10,15,17,21",1.1387717065711818,1.0588009804487228,0.009605854749679565,-0.01684404443949461,0.03697338607162237,0.009605854749679565,0.0,0.03697338607162237
6_low,direct_11,"6,10,15,17,19,26",1.065017692744732,1.0491951256990433,0.0,0.0,0.0,0.0,0.0,0.01684404443949459
6_low,direct_15,"6,10,15,17,19,26",1.065017692744732,1.0491951256990433,0.0,0.0,0.0,0.0,0.0,0.01684404443949459
6_low,direct_3,"6,8,10,15,17,21",1.1387717065711818,1.0588009804487228,0.009605854749679565,-0.01684404443949461,0.03697338607162237,0.009605854749679565,0.0,0.03697338607162237
6_low,direct_5,"6,8,10,15,17,21",1.1387717065711818,1.0588009804487228,0.009605854749679565,-0.01684404443949461,0.03697338607162237,0.009605854749679565,0.0,0.03697338607162237
6_low,s1,"3,6,8,10,15,17",1.2702307812869549,1.1697618775069714,0.12056675180792809,0.0840836220420897,0.15679918313398955,0.12056675180792809,0.09319174028933049,0.15679918313398955
6_low,s1_top5,"6,8,10,15,17,21",1.1387717065711818,1.0588009804487228,0.009605854749679565,-0.01684404443949461,0.03697338607162237,0.009605854749679565,0.0,0.03697338607162237
6_low,s2,"6,10,15,17,19,26",1.065017692744732,1.0491951256990433,0.0,0.0,0.0,0.0,0.0,0.01684404443949459
6_low,s2_top5,"6,10,15,17,19,26",1.065017692744732,1.0491951256990433,0.0,0.0,0.0,0.0,0.0,0.01684404443949459
8_global,direct_1,"1,8,10,12,15,17,19,21",5.690814396987358,5.894995424896479,4.138167578727007,3.7488753205165266,4.547866319492459,4.138167578727007,3.7488753205165266,4.547866319492459
8_global,direct_10,"6,10,12,15,17,19,21,26",2.166332660863797,2.169005796313286,0.4121779501438141,0.36774930357933044,0.4593892401084303,0.4121779501438141,0.36774930357933044,0.4593892401084303
8_global,direct_11,"6,10,12,15,17,19,21,26",2.166332660863797,2.169005796313286,0.4121779501438141,0.36774930357933044,0.4593892401084303,0.4121779501438141,0.36774930357933044,0.4593892401084303
8_global,direct_15,"3,6,10,12,15,17,19,24",1.8328658553461237,1.7568278461694717,0.0,0.0,0.0,0.0,0.0,0.0
8_global,direct_3,"3,8,10,12,15,17,21,24",2.308391761034727,2.1753375343978405,0.41850968822836876,0.382207359559834,0.45391860557720065,0.41850968822836876,0.382207359559834,0.45391860557720065
8_global,direct_5,"6,10,12,15,17,19,21,26",2.166332660863797,2.169005796313286,0.4121779501438141,0.36774930357933044,0.4593892401084303,0.4121779501438141,0.36774930357933044,0.4593892401084303
8_global,s1,"3,6,10,12,15,17,19,24",1.8328658553461237,1.7568278461694717,0.0,0.0,0.0,0.0,0.0,0.0
8_global,s1_top5,"3,6,10,12,15,17,19,24",1.8328658553461237,1.7568278461694717,0.0,0.0,0.0,0.0,0.0,0.0
8_global,s2,"3,6,10,12,15,17,19,24",1.8328658553461237,1.7568278461694717,0.0,0.0,0.0,0.0,0.0,0.0
8_global,s2_top5,"3,6,10,12,15,17,19,24",1.8328658553461237,1.7568278461694717,0.0,0.0,0.0,0.0,0.0,0.0
8_low,direct_1,"3,6,10,12,15,19,24,26",2.154825149724881,2.03221258148551,0.014836736023426056,-0.015325539745390415,0.04441156415268773,0.11945157498121262,0.0855017569847405,0.15387797085568308
8_low,direct_10,"3,6,10,12,15,19,24,26",2.154825149724881,2.03221258148551,0.014836736023426056,-0.015325539745390415,0.04441156415268773,0.11945157498121262,0.0855017569847405,0.15387797085568308
8_low,direct_11,"3,6,10,12,15,19,24,26",2.154825149724881,2.03221258148551,0.014836736023426056,-0.015325539745390415,0.04441156415268773,0.11945157498121262,0.0855017569847405,0.15387797085568308
8_low,direct_15,"8,10,12,15,17,19,24,26",2.0024017182489233,2.017375845462084,0.0,0.0,0.0,0.10461483895778656,0.06290273237973451,0.14766591619700192
8_low,direct_3,"3,6,10,12,15,19,24,26",2.154825149724881,2.03221258148551,0.014836736023426056,-0.015325539745390415,0.04441156415268773,0.11945157498121262,0.0855017569847405,0.15387797085568308
8_low,direct_5,"3,6,10,12,15,19,24,26",2.154825149724881,2.03221258148551,0.014836736023426056,-0.015325539745390415,0.04441156415268773,0.11945157498121262,0.0855017569847405,0.15387797085568308
8_low,s1,"3,6,10,12,15,17,19,21",2.3817724150915938,2.2856464833021164,0.2682706378400326,0.22208606293424965,0.31424838220700624,0.37288547679781914,0.3170101648196578,0.43048965185880655
8_low,s1_top5,"6,8,10,12,15,17,21,24",2.3339260307451086,2.2023332118988037,0.1849573664367199,0.13608442470431328,0.23390297815203664,0.28957220539450645,0.2539713236503303,0.32665794687345623
8_low,s2,"3,6,10,12,15,17,19,21",2.3817724150915938,2.2856464833021164,0.2682706378400326,0.22208606293424965,0.31424838220700624,0.37288547679781914,0.3170101648196578,0.43048965185880655
8_low,s2_top5,"8,10,12,15,17,19,24,26",2.0024017182489233,2.017375845462084,0.0,0.0,0.0,0.10461483895778656,0.06290273237973451,0.14766591619700192
