split,seed,candidate,checkpoint,window_id,doc_id,document_token_start,labels,nll
S,parent,parent,0,0,71ff58ca29d05bef3a99fb59512ec09404e49be906888dc3ea5409ce8a54beea,0,511,2.2188403606414795
S,parent,parent,0,1,47ab999a2c488609314576fac2048b7f2a92afad8f7ca0326f23f648d515f167,1536,511,2.1995491981506348
S,parent,parent,0,2,c6ff7382a150214656a5c5d777769384c99d3ce7764110fc98e07e5e48fddc7e,1024,511,2.395444393157959
S,parent,parent,0,3,8739f77bc09e02e5783efc804080eff63b9ae7da7008a0e4c6412b47aa6da1c2,2048,511,2.4691998958587646
S,parent,parent,0,4,a7f7a2250dd6f72080e21112d92bdfd639fcbe8a5a9effd80028c67d5dddd416,0,511,2.3935301303863525
S,parent,parent,0,5,06cd6da2c73e993c43345dad24088c06b24d496ffc56f5f460b58cfa49d0f3df,0,511,1.5466158390045166
S,parent,parent,0,6,3adf36bb00be5fa07541f544ce8642a56fcd3a01d456650deaabc83e91d791a1,1024,511,2.6465346813201904
S,parent,parent,0,7,34c9eb07c804b8ee651c4da1ac1dd801fec51c064819632bd8f4f36bd685b8a1,1024,511,2.9555859565734863
S,parent,parent,0,8,dcd008e03034d7dcffb4b6abd6aa6f0bfdf0a28ddd0b53dd37784e7c055f10bb,1536,511,2.3609681129455566
S,parent,parent,0,9,4f58c96286c7c0f0417ea817ca24cf1c2db4ad3d19fdcdcf46124511fbf05b3e,512,511,2.672122001647949
S,parent,parent,0,10,7c5e18ef30b2c1c37d722f19397ccdf563e0428cdde5ff6b99a902d67975541f,5120,511,2.526305913925171
S,parent,parent,0,11,47344d32192263b566ca14f66ce20553a4c76ff30204fae6639d7c1dde9a1f11,0,511,1.9495781660079956
S,parent,parent,0,12,98aa6addc6d0697baff9ad72065efe34b866fb27cb0c3e094c328bb57b98cf2b,512,511,2.4085516929626465
S,parent,parent,0,13,d6b58a86755a3af1a5a75d162cfd31bceb70ebe76d43dfd2b64d95def0331c1b,0,511,1.7241123914718628
S,parent,parent,0,14,c724dc11dc74fa10b6309922c9d014e010a88079d4ca2e3ca96ab091459b166e,0,511,2.2722504138946533
S,parent,parent,0,15,aad6037cda830ea2edaf38a004ae82825aa4d21585b2c0f33197a34583613c19,3072,511,2.552035331726074
S,parent,parent,0,16,b7140ecf1283718c8b44dd77fefc16ef15f5d7579ad3d6f1da94324d11081ab5,0,511,2.4804728031158447
S,parent,parent,0,17,7c0883960fcd42892f41d565a6eb8675b26e6a7b184fa795ec1dea269c0d78f7,2560,511,2.9971776008605957
S,parent,parent,0,18,e461497c8cf9867275c7b0ab55899126e69b01926436f58a64e902baf22ad1d8,1024,511,2.8145394325256348
S,parent,parent,0,19,d236bd424f8c1de8ba7570984678d98d021bd9f796117156ee8c848d8b9e20df,512,511,1.9118971824645996
S,parent,parent,0,20,b124bcdac530f87fa8b20ed6ba5af0bdc6e2e14fe6348e8e8d9aae3bbb14d7bf,1536,511,2.4077789783477783
S,parent,parent,0,21,398d9a5e65eb510a4b2165e08da91bc2e7a46f651fd4c2a7c82baca0e3f7c6f7,512,511,3.078883647918701
S,parent,parent,0,22,398d4136fe8a7fe859af6d03e3be3e80b0a4a081aa81cad5dad14be6152fbb07,1024,511,2.597501039505005
S,parent,parent,0,23,27c7a212b1dd328e6abafa8ce17f190f047ff7bf7b13546651705123022fac2b,2048,511,2.5324504375457764
S,parent,parent,0,24,27e29aeb84cb9b2f80dc9061f35e33eb4710e31a4bda2e0ce985e2cb4c4af0d4,512,511,2.410043478012085
S,parent,parent,0,25,a7ab0eebec8ed5155f1c0b6b257ae3e70464155e9540fc6cb19d9b21ce07adbe,0,511,2.0089194774627686
S,parent,parent,0,26,87c73475752c7552f1b2dfb6631350662bd4d2392ea692266f7fd8d9d49255e6,5120,511,2.5054104328155518
S,parent,parent,0,27,4dfcff9cdf6a84e7dc2d2f41f4beeb5bd4a850251f084dbb833319624ea2ba03,1536,511,2.7646141052246094
S,parent,parent,0,28,c6a6c920ad14f9ced5cbb1a81a695ee0d1e0cec0886071763eca3b7609793f9a,512,511,2.8453707695007324
S,parent,parent,0,29,602491df734b58909d0bdd64c12964094178660aa935fe328832f5ac7c783ce5,6656,511,2.9643001556396484
S,parent,parent,0,30,3d3334d8bb76a4a5d2667fcaaf08e5519258c23da3c0ed35b0fb51ab7750456a,512,511,2.4106953144073486
S,parent,parent,0,31,a5c6bb2784e438e57e6c21063b5631ad6159e98fd0fdde6f0f393b1a6ad1ec91,0,511,2.593898296356201
S,parent,parent,0,32,a75479aadac4ab0e14588bb3dbab971354b70cbb22f67008de6af0b25ce850de,6144,511,2.9488525390625
S,parent,parent,0,33,81985a3b78086a93d7e6ae3ddda453bf5a959744e65bc05418fc1b56f5ec10ca,512,511,2.317737340927124
S,parent,parent,0,34,2362e3d4278d695e409c7b7ff1512062454f8d035bc9076dff42c632a29fb2ee,0,511,2.056112289428711
S,parent,parent,0,35,85cb58452e909342c236fc118e084fa9adcfddffc1ee3968baed9838eae6ef37,0,511,1.9077858924865723
S,parent,parent,0,36,da80b33b4eb70c8d7b4c6a0fc009cedf34a39859057eb8700df906c788e6a4c8,0,511,2.2644450664520264
S,parent,parent,0,37,2e3ac91c014b25eebddbb443aa8850683dfc0675b9fed2dc40ec8d5f64ec60d4,0,511,2.056938648223877
S,parent,parent,0,38,3210f7ea4f8c2a390b5fc7a519a58dd185dc01a5700b89f95e427e52d0e581c9,512,511,2.8206236362457275
S,parent,parent,0,39,f5e1818470b34abce111d71989de48dff1e3e4ef0271749d38438e1b6693f635,1536,511,2.198897361755371
S,parent,parent,0,40,3ce4586556ea72a70c76b9203dca8969adc500af610389007ec255f56b1e169e,1024,511,2.5505850315093994
S,parent,parent,0,41,7b804a7a99e4de2942ef98de42165dacd3e16b944e6a538d55df1f634a23d48e,4096,511,2.68992280960083
S,parent,parent,0,42,f6dd4f9c768666495fe711e166071758aa6c2d321def74a3ae211027ce199501,512,511,3.159484386444092
S,parent,parent,0,43,31ed14bec015eaaefb165002eb17b020eeb35031b1a592aff7d981de7c6899b3,0,511,2.2402827739715576
S,parent,parent,0,44,b3ff1454cd3a072b015b88f94f6d6889d9c0bd745fc7a5433df7c0d43151854e,512,511,2.4943759441375732
S,parent,parent,0,45,3ee074eadb149c8da6002c76352f4113d1c896c63c6c090fd621092749233d6a,8704,511,2.999983072280884
S,parent,parent,0,46,5682e8596b594de16f03e38329a00d1bff4adee96204668f946a90f5292c8136,1024,511,2.699073076248169
S,parent,parent,0,47,127630e33620c4206cd0e7ad6622f66b144b669ddf653964e56ce6654a7b32f0,3072,511,2.322794198989868
S,parent,parent,0,48,320f1288c0a9e6e7a3def263d7abab684526479abb06fc68e069fc1a9937c71d,1024,511,2.6645703315734863
S,parent,parent,0,49,58ac024cd69aa321476709f7b1742c6523bf4fb12233b5b6f60d680c8fca8e8e,1536,511,2.5671417713165283
S,parent,parent,0,50,4f84e7678dedadbb233b28e11c014c0798eadf77020a5a8fb4d017d12c99e86d,2560,511,2.085094928741455
S,parent,parent,0,51,99db37e631f9ef519733c8a72d003864c2701de3091cf19e9eba387054fdacac,512,511,2.986459732055664
S,parent,parent,0,52,0627479429bdaca6ad2b61ecd03d5b65cd330b0351b5ff8f878978d7b00c4ab2,0,511,2.4809184074401855
S,parent,parent,0,53,c1e3085f9b150f54416c89fdea9cdb29ceef7e5050e94af9eafe2053fffe3e64,3584,511,2.1877336502075195
S,parent,parent,0,54,0e6b290375d52c7b5c4cd74b4c7348611213caa15ca0e87d7f6426f9e0f86e04,2048,511,2.525512218475342
S,parent,parent,0,55,16f297fd545d4a150c1908347430e076e51e3560238877a2eec2ac020b7d3bc9,3584,511,2.4585938453674316
S,parent,parent,0,56,243408a375c7d0c1fda52538ba71d700e4d403fd2764c7491c7c1a9b7d7fd7a9,0,511,2.45110821723938
S,parent,parent,0,57,93133535594204a5a3625fc7b90ff6ad027dca329f0359370d232d4135e91bc1,512,511,2.2252628803253174
S,parent,parent,0,58,7c74fa4376b1168685d5d288b916d3317d340aad3044f88d5ca673b76d875d1c,1536,511,2.2445476055145264
S,parent,parent,0,59,447ea32f527637dcb6ef068962a2fabe21ec283698e144c45ed42c46e1b27772,0,511,2.581761121749878
S,parent,parent,0,60,6db7dd742bd03a22121dc39ee8773c9afa1462f4efce21abbe54dc33c4285b1f,0,511,2.301638126373291
S,parent,parent,0,61,dc8a961be5dc24fc777b38869adf84cfc37bbe2f28514ceb0e344d39b7e01906,512,511,2.574335813522339
S,parent,parent,0,62,3ca10415cf1f0bc4955c7ef0d186c8e93deb4aece0aaaa5fb553b43dfe5ad2aa,0,511,2.5592050552368164
S,parent,parent,0,63,6e5c6769277c87aeaf9a4fd680fad1720ce04660f567befd8a9f8c68dde50f64,0,511,2.2799203395843506
S,initial,a00,0,0,71ff58ca29d05bef3a99fb59512ec09404e49be906888dc3ea5409ce8a54beea,0,511,2.4101102352142334
S,initial,a00,0,1,47ab999a2c488609314576fac2048b7f2a92afad8f7ca0326f23f648d515f167,1536,511,2.2742040157318115
S,initial,a00,0,2,c6ff7382a150214656a5c5d777769384c99d3ce7764110fc98e07e5e48fddc7e,1024,511,2.5660953521728516
S,initial,a00,0,3,8739f77bc09e02e5783efc804080eff63b9ae7da7008a0e4c6412b47aa6da1c2,2048,511,2.628272533416748
S,initial,a00,0,4,a7f7a2250dd6f72080e21112d92bdfd639fcbe8a5a9effd80028c67d5dddd416,0,511,2.554842948913574
S,initial,a00,0,5,06cd6da2c73e993c43345dad24088c06b24d496ffc56f5f460b58cfa49d0f3df,0,511,1.75104558467865
S,initial,a00,0,6,3adf36bb00be5fa07541f544ce8642a56fcd3a01d456650deaabc83e91d791a1,1024,511,2.815267324447632
S,initial,a00,0,7,34c9eb07c804b8ee651c4da1ac1dd801fec51c064819632bd8f4f36bd685b8a1,1024,511,3.132183313369751
S,initial,a00,0,8,dcd008e03034d7dcffb4b6abd6aa6f0bfdf0a28ddd0b53dd37784e7c055f10bb,1536,511,2.528654098510742
S,initial,a00,0,9,4f58c96286c7c0f0417ea817ca24cf1c2db4ad3d19fdcdcf46124511fbf05b3e,512,511,2.8638758659362793
S,initial,a00,0,10,7c5e18ef30b2c1c37d722f19397ccdf563e0428cdde5ff6b99a902d67975541f,5120,511,2.716304063796997
S,initial,a00,0,11,47344d32192263b566ca14f66ce20553a4c76ff30204fae6639d7c1dde9a1f11,0,511,2.093820810317993
S,initial,a00,0,12,98aa6addc6d0697baff9ad72065efe34b866fb27cb0c3e094c328bb57b98cf2b,512,511,2.6085073947906494
S,initial,a00,0,13,d6b58a86755a3af1a5a75d162cfd31bceb70ebe76d43dfd2b64d95def0331c1b,0,511,1.983035922050476
S,initial,a00,0,14,c724dc11dc74fa10b6309922c9d014e010a88079d4ca2e3ca96ab091459b166e,0,511,2.4072680473327637
S,initial,a00,0,15,aad6037cda830ea2edaf38a004ae82825aa4d21585b2c0f33197a34583613c19,3072,511,2.710698127746582
S,initial,a00,0,16,b7140ecf1283718c8b44dd77fefc16ef15f5d7579ad3d6f1da94324d11081ab5,0,511,2.5901737213134766
S,initial,a00,0,17,7c0883960fcd42892f41d565a6eb8675b26e6a7b184fa795ec1dea269c0d78f7,2560,511,3.110145092010498
S,initial,a00,0,18,e461497c8cf9867275c7b0ab55899126e69b01926436f58a64e902baf22ad1d8,1024,511,2.9671683311462402
S,initial,a00,0,19,d236bd424f8c1de8ba7570984678d98d021bd9f796117156ee8c848d8b9e20df,512,511,2.066295862197876
S,initial,a00,0,20,b124bcdac530f87fa8b20ed6ba5af0bdc6e2e14fe6348e8e8d9aae3bbb14d7bf,1536,511,2.60909366607666
S,initial,a00,0,21,398d9a5e65eb510a4b2165e08da91bc2e7a46f651fd4c2a7c82baca0e3f7c6f7,512,511,3.216306686401367
S,initial,a00,0,22,398d4136fe8a7fe859af6d03e3be3e80b0a4a081aa81cad5dad14be6152fbb07,1024,511,2.7686922550201416
S,initial,a00,0,23,27c7a212b1dd328e6abafa8ce17f190f047ff7bf7b13546651705123022fac2b,2048,511,2.7138512134552
S,initial,a00,0,24,27e29aeb84cb9b2f80dc9061f35e33eb4710e31a4bda2e0ce985e2cb4c4af0d4,512,511,2.550745964050293
S,initial,a00,0,25,a7ab0eebec8ed5155f1c0b6b257ae3e70464155e9540fc6cb19d9b21ce07adbe,0,511,2.2199783325195312
S,initial,a00,0,26,87c73475752c7552f1b2dfb6631350662bd4d2392ea692266f7fd8d9d49255e6,5120,511,2.7044734954833984
S,initial,a00,0,27,4dfcff9cdf6a84e7dc2d2f41f4beeb5bd4a850251f084dbb833319624ea2ba03,1536,511,2.9177634716033936
S,initial,a00,0,28,c6a6c920ad14f9ced5cbb1a81a695ee0d1e0cec0886071763eca3b7609793f9a,512,511,3.0219717025756836
S,initial,a00,0,29,602491df734b58909d0bdd64c12964094178660aa935fe328832f5ac7c783ce5,6656,511,3.0678489208221436
S,initial,a00,0,30,3d3334d8bb76a4a5d2667fcaaf08e5519258c23da3c0ed35b0fb51ab7750456a,512,511,2.5823495388031006
S,initial,a00,0,31,a5c6bb2784e438e57e6c21063b5631ad6159e98fd0fdde6f0f393b1a6ad1ec91,0,511,2.7480201721191406
S,initial,a00,0,32,a75479aadac4ab0e14588bb3dbab971354b70cbb22f67008de6af0b25ce850de,6144,511,3.183826446533203
S,initial,a00,0,33,81985a3b78086a93d7e6ae3ddda453bf5a959744e65bc05418fc1b56f5ec10ca,512,511,2.4795539379119873
S,initial,a00,0,34,2362e3d4278d695e409c7b7ff1512062454f8d035bc9076dff42c632a29fb2ee,0,511,2.2497382164001465
S,initial,a00,0,35,85cb58452e909342c236fc118e084fa9adcfddffc1ee3968baed9838eae6ef37,0,511,2.0690231323242188
S,initial,a00,0,36,da80b33b4eb70c8d7b4c6a0fc009cedf34a39859057eb8700df906c788e6a4c8,0,511,2.4338505268096924
S,initial,a00,0,37,2e3ac91c014b25eebddbb443aa8850683dfc0675b9fed2dc40ec8d5f64ec60d4,0,511,2.3385913372039795
S,initial,a00,0,38,3210f7ea4f8c2a390b5fc7a519a58dd185dc01a5700b89f95e427e52d0e581c9,512,511,2.9367806911468506
S,initial,a00,0,39,f5e1818470b34abce111d71989de48dff1e3e4ef0271749d38438e1b6693f635,1536,511,2.345109701156616
S,initial,a00,0,40,3ce4586556ea72a70c76b9203dca8969adc500af610389007ec255f56b1e169e,1024,511,2.797081708908081
S,initial,a00,0,41,7b804a7a99e4de2942ef98de42165dacd3e16b944e6a538d55df1f634a23d48e,4096,511,2.8691294193267822
S,initial,a00,0,42,f6dd4f9c768666495fe711e166071758aa6c2d321def74a3ae211027ce199501,512,511,3.230074644088745
S,initial,a00,0,43,31ed14bec015eaaefb165002eb17b020eeb35031b1a592aff7d981de7c6899b3,0,511,2.377998113632202
S,initial,a00,0,44,b3ff1454cd3a072b015b88f94f6d6889d9c0bd745fc7a5433df7c0d43151854e,512,511,2.5953714847564697
S,initial,a00,0,45,3ee074eadb149c8da6002c76352f4113d1c896c63c6c090fd621092749233d6a,8704,511,3.183049440383911
S,initial,a00,0,46,5682e8596b594de16f03e38329a00d1bff4adee96204668f946a90f5292c8136,1024,511,2.836315631866455
S,initial,a00,0,47,127630e33620c4206cd0e7ad6622f66b144b669ddf653964e56ce6654a7b32f0,3072,511,2.5033328533172607
S,initial,a00,0,48,320f1288c0a9e6e7a3def263d7abab684526479abb06fc68e069fc1a9937c71d,1024,511,2.8003554344177246
S,initial,a00,0,49,58ac024cd69aa321476709f7b1742c6523bf4fb12233b5b6f60d680c8fca8e8e,1536,511,2.7035892009735107
S,initial,a00,0,50,4f84e7678dedadbb233b28e11c014c0798eadf77020a5a8fb4d017d12c99e86d,2560,511,2.1686959266662598
S,initial,a00,0,51,99db37e631f9ef519733c8a72d003864c2701de3091cf19e9eba387054fdacac,512,511,3.086524724960327
S,initial,a00,0,52,0627479429bdaca6ad2b61ecd03d5b65cd330b0351b5ff8f878978d7b00c4ab2,0,511,2.6186327934265137
S,initial,a00,0,53,c1e3085f9b150f54416c89fdea9cdb29ceef7e5050e94af9eafe2053fffe3e64,3584,511,2.309652328491211
S,initial,a00,0,54,0e6b290375d52c7b5c4cd74b4c7348611213caa15ca0e87d7f6426f9e0f86e04,2048,511,2.68628191947937
S,initial,a00,0,55,16f297fd545d4a150c1908347430e076e51e3560238877a2eec2ac020b7d3bc9,3584,511,2.5766947269439697
S,initial,a00,0,56,243408a375c7d0c1fda52538ba71d700e4d403fd2764c7491c7c1a9b7d7fd7a9,0,511,2.6589012145996094
S,initial,a00,0,57,93133535594204a5a3625fc7b90ff6ad027dca329f0359370d232d4135e91bc1,512,511,2.426459789276123
S,initial,a00,0,58,7c74fa4376b1168685d5d288b916d3317d340aad3044f88d5ca673b76d875d1c,1536,511,2.436845541000366
S,initial,a00,0,59,447ea32f527637dcb6ef068962a2fabe21ec283698e144c45ed42c46e1b27772,0,511,2.732600688934326
S,initial,a00,0,60,6db7dd742bd03a22121dc39ee8773c9afa1462f4efce21abbe54dc33c4285b1f,0,511,2.4240458011627197
S,initial,a00,0,61,dc8a961be5dc24fc777b38869adf84cfc37bbe2f28514ceb0e344d39b7e01906,512,511,2.76084041595459
S,initial,a00,0,62,3ca10415cf1f0bc4955c7ef0d186c8e93deb4aece0aaaa5fb553b43dfe5ad2aa,0,511,2.7031021118164062
S,initial,a00,0,63,6e5c6769277c87aeaf9a4fd680fad1720ce04660f567befd8a9f8c68dde50f64,0,511,2.5242912769317627
S,initial,a01,0,0,71ff58ca29d05bef3a99fb59512ec09404e49be906888dc3ea5409ce8a54beea,0,511,2.504286289215088
S,initial,a01,0,1,47ab999a2c488609314576fac2048b7f2a92afad8f7ca0326f23f648d515f167,1536,511,2.346066951751709
S,initial,a01,0,2,c6ff7382a150214656a5c5d777769384c99d3ce7764110fc98e07e5e48fddc7e,1024,511,2.8118538856506348
S,initial,a01,0,3,8739f77bc09e02e5783efc804080eff63b9ae7da7008a0e4c6412b47aa6da1c2,2048,511,2.705836296081543
S,initial,a01,0,4,a7f7a2250dd6f72080e21112d92bdfd639fcbe8a5a9effd80028c67d5dddd416,0,511,2.573514699935913
S,initial,a01,0,5,06cd6da2c73e993c43345dad24088c06b24d496ffc56f5f460b58cfa49d0f3df,0,511,1.8424214124679565
S,initial,a01,0,6,3adf36bb00be5fa07541f544ce8642a56fcd3a01d456650deaabc83e91d791a1,1024,511,2.9927308559417725
S,initial,a01,0,7,34c9eb07c804b8ee651c4da1ac1dd801fec51c064819632bd8f4f36bd685b8a1,1024,511,3.3297901153564453
S,initial,a01,0,8,dcd008e03034d7dcffb4b6abd6aa6f0bfdf0a28ddd0b53dd37784e7c055f10bb,1536,511,2.611675977706909
S,initial,a01,0,9,4f58c96286c7c0f0417ea817ca24cf1c2db4ad3d19fdcdcf46124511fbf05b3e,512,511,2.9385986328125
S,initial,a01,0,10,7c5e18ef30b2c1c37d722f19397ccdf563e0428cdde5ff6b99a902d67975541f,5120,511,2.908459186553955
S,initial,a01,0,11,47344d32192263b566ca14f66ce20553a4c76ff30204fae6639d7c1dde9a1f11,0,511,2.138303279876709
S,initial,a01,0,12,98aa6addc6d0697baff9ad72065efe34b866fb27cb0c3e094c328bb57b98cf2b,512,511,2.8003435134887695
S,initial,a01,0,13,d6b58a86755a3af1a5a75d162cfd31bceb70ebe76d43dfd2b64d95def0331c1b,0,511,2.045605182647705
S,initial,a01,0,14,c724dc11dc74fa10b6309922c9d014e010a88079d4ca2e3ca96ab091459b166e,0,511,2.4437921047210693
S,initial,a01,0,15,aad6037cda830ea2edaf38a004ae82825aa4d21585b2c0f33197a34583613c19,3072,511,2.880967617034912
S,initial,a01,0,16,b7140ecf1283718c8b44dd77fefc16ef15f5d7579ad3d6f1da94324d11081ab5,0,511,2.5964457988739014
S,initial,a01,0,17,7c0883960fcd42892f41d565a6eb8675b26e6a7b184fa795ec1dea269c0d78f7,2560,511,3.24718976020813
S,initial,a01,0,18,e461497c8cf9867275c7b0ab55899126e69b01926436f58a64e902baf22ad1d8,1024,511,2.9551429748535156
S,initial,a01,0,19,d236bd424f8c1de8ba7570984678d98d021bd9f796117156ee8c848d8b9e20df,512,511,2.3188202381134033
S,initial,a01,0,20,b124bcdac530f87fa8b20ed6ba5af0bdc6e2e14fe6348e8e8d9aae3bbb14d7bf,1536,511,2.708704710006714
S,initial,a01,0,21,398d9a5e65eb510a4b2165e08da91bc2e7a46f651fd4c2a7c82baca0e3f7c6f7,512,511,3.3951525688171387
S,initial,a01,0,22,398d4136fe8a7fe859af6d03e3be3e80b0a4a081aa81cad5dad14be6152fbb07,1024,511,2.796410083770752
S,initial,a01,0,23,27c7a212b1dd328e6abafa8ce17f190f047ff7bf7b13546651705123022fac2b,2048,511,2.783212661743164
S,initial,a01,0,24,27e29aeb84cb9b2f80dc9061f35e33eb4710e31a4bda2e0ce985e2cb4c4af0d4,512,511,2.7344095706939697
S,initial,a01,0,25,a7ab0eebec8ed5155f1c0b6b257ae3e70464155e9540fc6cb19d9b21ce07adbe,0,511,2.3409676551818848
S,initial,a01,0,26,87c73475752c7552f1b2dfb6631350662bd4d2392ea692266f7fd8d9d49255e6,5120,511,2.826406955718994
S,initial,a01,0,27,4dfcff9cdf6a84e7dc2d2f41f4beeb5bd4a850251f084dbb833319624ea2ba03,1536,511,3.053370237350464
S,initial,a01,0,28,c6a6c920ad14f9ced5cbb1a81a695ee0d1e0cec0886071763eca3b7609793f9a,512,511,3.065304756164551
S,initial,a01,0,29,602491df734b58909d0bdd64c12964094178660aa935fe328832f5ac7c783ce5,6656,511,3.1506235599517822
S,initial,a01,0,30,3d3334d8bb76a4a5d2667fcaaf08e5519258c23da3c0ed35b0fb51ab7750456a,512,511,2.707123279571533
S,initial,a01,0,31,a5c6bb2784e438e57e6c21063b5631ad6159e98fd0fdde6f0f393b1a6ad1ec91,0,511,2.7905821800231934
S,initial,a01,0,32,a75479aadac4ab0e14588bb3dbab971354b70cbb22f67008de6af0b25ce850de,6144,511,3.2548828125
S,initial,a01,0,33,81985a3b78086a93d7e6ae3ddda453bf5a959744e65bc05418fc1b56f5ec10ca,512,511,2.5929572582244873
S,initial,a01,0,34,2362e3d4278d695e409c7b7ff1512062454f8d035bc9076dff42c632a29fb2ee,0,511,2.3593831062316895
S,initial,a01,0,35,85cb58452e909342c236fc118e084fa9adcfddffc1ee3968baed9838eae6ef37,0,511,2.177145004272461
S,initial,a01,0,36,da80b33b4eb70c8d7b4c6a0fc009cedf34a39859057eb8700df906c788e6a4c8,0,511,2.5155906677246094
S,initial,a01,0,37,2e3ac91c014b25eebddbb443aa8850683dfc0675b9fed2dc40ec8d5f64ec60d4,0,511,2.382197856903076
S,initial,a01,0,38,3210f7ea4f8c2a390b5fc7a519a58dd185dc01a5700b89f95e427e52d0e581c9,512,511,3.0330092906951904
S,initial,a01,0,39,f5e1818470b34abce111d71989de48dff1e3e4ef0271749d38438e1b6693f635,1536,511,2.3573415279388428
S,initial,a01,0,40,3ce4586556ea72a70c76b9203dca8969adc500af610389007ec255f56b1e169e,1024,511,2.903287410736084
S,initial,a01,0,41,7b804a7a99e4de2942ef98de42165dacd3e16b944e6a538d55df1f634a23d48e,4096,511,2.9604382514953613
S,initial,a01,0,42,f6dd4f9c768666495fe711e166071758aa6c2d321def74a3ae211027ce199501,512,511,3.299974203109741
S,initial,a01,0,43,31ed14bec015eaaefb165002eb17b020eeb35031b1a592aff7d981de7c6899b3,0,511,2.460893392562866
S,initial,a01,0,44,b3ff1454cd3a072b015b88f94f6d6889d9c0bd745fc7a5433df7c0d43151854e,512,511,2.73396897315979
S,initial,a01,0,45,3ee074eadb149c8da6002c76352f4113d1c896c63c6c090fd621092749233d6a,8704,511,3.3782083988189697
S,initial,a01,0,46,5682e8596b594de16f03e38329a00d1bff4adee96204668f946a90f5292c8136,1024,511,3.1280577182769775
S,initial,a01,0,47,127630e33620c4206cd0e7ad6622f66b144b669ddf653964e56ce6654a7b32f0,3072,511,2.5866706371307373
S,initial,a01,0,48,320f1288c0a9e6e7a3def263d7abab684526479abb06fc68e069fc1a9937c71d,1024,511,2.941599130630493
S,initial,a01,0,49,58ac024cd69aa321476709f7b1742c6523bf4fb12233b5b6f60d680c8fca8e8e,1536,511,2.772897720336914
S,initial,a01,0,50,4f84e7678dedadbb233b28e11c014c0798eadf77020a5a8fb4d017d12c99e86d,2560,511,2.330540418624878
S,initial,a01,0,51,99db37e631f9ef519733c8a72d003864c2701de3091cf19e9eba387054fdacac,512,511,3.167950391769409
S,initial,a01,0,52,0627479429bdaca6ad2b61ecd03d5b65cd330b0351b5ff8f878978d7b00c4ab2,0,511,2.5851728916168213
S,initial,a01,0,53,c1e3085f9b150f54416c89fdea9cdb29ceef7e5050e94af9eafe2053fffe3e64,3584,511,2.4361798763275146
S,initial,a01,0,54,0e6b290375d52c7b5c4cd74b4c7348611213caa15ca0e87d7f6426f9e0f86e04,2048,511,2.7460875511169434
S,initial,a01,0,55,16f297fd545d4a150c1908347430e076e51e3560238877a2eec2ac020b7d3bc9,3584,511,2.706282615661621
S,initial,a01,0,56,243408a375c7d0c1fda52538ba71d700e4d403fd2764c7491c7c1a9b7d7fd7a9,0,511,2.673755407333374
S,initial,a01,0,57,93133535594204a5a3625fc7b90ff6ad027dca329f0359370d232d4135e91bc1,512,511,2.565225124359131
S,initial,a01,0,58,7c74fa4376b1168685d5d288b916d3317d340aad3044f88d5ca673b76d875d1c,1536,511,2.458932876586914
S,initial,a01,0,59,447ea32f527637dcb6ef068962a2fabe21ec283698e144c45ed42c46e1b27772,0,511,2.77108097076416
S,initial,a01,0,60,6db7dd742bd03a22121dc39ee8773c9afa1462f4efce21abbe54dc33c4285b1f,0,511,2.514112949371338
S,initial,a01,0,61,dc8a961be5dc24fc777b38869adf84cfc37bbe2f28514ceb0e344d39b7e01906,512,511,2.8581464290618896
S,initial,a01,0,62,3ca10415cf1f0bc4955c7ef0d186c8e93deb4aece0aaaa5fb553b43dfe5ad2aa,0,511,2.8200669288635254
S,initial,a01,0,63,6e5c6769277c87aeaf9a4fd680fad1720ce04660f567befd8a9f8c68dde50f64,0,511,2.6942851543426514
S,initial,a02,0,0,71ff58ca29d05bef3a99fb59512ec09404e49be906888dc3ea5409ce8a54beea,0,511,2.4542229175567627
S,initial,a02,0,1,47ab999a2c488609314576fac2048b7f2a92afad8f7ca0326f23f648d515f167,1536,511,2.381258964538574
S,initial,a02,0,2,c6ff7382a150214656a5c5d777769384c99d3ce7764110fc98e07e5e48fddc7e,1024,511,2.681399345397949
S,initial,a02,0,3,8739f77bc09e02e5783efc804080eff63b9ae7da7008a0e4c6412b47aa6da1c2,2048,511,2.662618398666382
S,initial,a02,0,4,a7f7a2250dd6f72080e21112d92bdfd639fcbe8a5a9effd80028c67d5dddd416,0,511,2.634812355041504
S,initial,a02,0,5,06cd6da2c73e993c43345dad24088c06b24d496ffc56f5f460b58cfa49d0f3df,0,511,1.793102741241455
S,initial,a02,0,6,3adf36bb00be5fa07541f544ce8642a56fcd3a01d456650deaabc83e91d791a1,1024,511,2.878138303756714
S,initial,a02,0,7,34c9eb07c804b8ee651c4da1ac1dd801fec51c064819632bd8f4f36bd685b8a1,1024,511,3.142827033996582
S,initial,a02,0,8,dcd008e03034d7dcffb4b6abd6aa6f0bfdf0a28ddd0b53dd37784e7c055f10bb,1536,511,2.5877766609191895
S,initial,a02,0,9,4f58c96286c7c0f0417ea817ca24cf1c2db4ad3d19fdcdcf46124511fbf05b3e,512,511,2.9156908988952637
S,initial,a02,0,10,7c5e18ef30b2c1c37d722f19397ccdf563e0428cdde5ff6b99a902d67975541f,5120,511,2.6814234256744385
S,initial,a02,0,11,47344d32192263b566ca14f66ce20553a4c76ff30204fae6639d7c1dde9a1f11,0,511,2.116814613342285
S,initial,a02,0,12,98aa6addc6d0697baff9ad72065efe34b866fb27cb0c3e094c328bb57b98cf2b,512,511,2.627598762512207
S,initial,a02,0,13,d6b58a86755a3af1a5a75d162cfd31bceb70ebe76d43dfd2b64d95def0331c1b,0,511,2.0495450496673584
S,initial,a02,0,14,c724dc11dc74fa10b6309922c9d014e010a88079d4ca2e3ca96ab091459b166e,0,511,2.48982572555542
S,initial,a02,0,15,aad6037cda830ea2edaf38a004ae82825aa4d21585b2c0f33197a34583613c19,3072,511,2.808856964111328
S,initial,a02,0,16,b7140ecf1283718c8b44dd77fefc16ef15f5d7579ad3d6f1da94324d11081ab5,0,511,2.673868179321289
S,initial,a02,0,17,7c0883960fcd42892f41d565a6eb8675b26e6a7b184fa795ec1dea269c0d78f7,2560,511,3.1727027893066406
S,initial,a02,0,18,e461497c8cf9867275c7b0ab55899126e69b01926436f58a64e902baf22ad1d8,1024,511,2.95455265045166
S,initial,a02,0,19,d236bd424f8c1de8ba7570984678d98d021bd9f796117156ee8c848d8b9e20df,512,511,2.2116122245788574
S,initial,a02,0,20,b124bcdac530f87fa8b20ed6ba5af0bdc6e2e14fe6348e8e8d9aae3bbb14d7bf,1536,511,2.5973267555236816
S,initial,a02,0,21,398d9a5e65eb510a4b2165e08da91bc2e7a46f651fd4c2a7c82baca0e3f7c6f7,512,511,3.264835834503174
S,initial,a02,0,22,398d4136fe8a7fe859af6d03e3be3e80b0a4a081aa81cad5dad14be6152fbb07,1024,511,2.7938907146453857
S,initial,a02,0,23,27c7a212b1dd328e6abafa8ce17f190f047ff7bf7b13546651705123022fac2b,2048,511,2.7021312713623047
S,initial,a02,0,24,27e29aeb84cb9b2f80dc9061f35e33eb4710e31a4bda2e0ce985e2cb4c4af0d4,512,511,2.5770277976989746
S,initial,a02,0,25,a7ab0eebec8ed5155f1c0b6b257ae3e70464155e9540fc6cb19d9b21ce07adbe,0,511,2.3519387245178223
S,initial,a02,0,26,87c73475752c7552f1b2dfb6631350662bd4d2392ea692266f7fd8d9d49255e6,5120,511,2.8019495010375977
S,initial,a02,0,27,4dfcff9cdf6a84e7dc2d2f41f4beeb5bd4a850251f084dbb833319624ea2ba03,1536,511,2.998828172683716
S,initial,a02,0,28,c6a6c920ad14f9ced5cbb1a81a695ee0d1e0cec0886071763eca3b7609793f9a,512,511,3.012539863586426
S,initial,a02,0,29,602491df734b58909d0bdd64c12964094178660aa935fe328832f5ac7c783ce5,6656,511,3.195039987564087
S,initial,a02,0,30,3d3334d8bb76a4a5d2667fcaaf08e5519258c23da3c0ed35b0fb51ab7750456a,512,511,2.672715187072754
S,initial,a02,0,31,a5c6bb2784e438e57e6c21063b5631ad6159e98fd0fdde6f0f393b1a6ad1ec91,0,511,2.785482406616211
S,initial,a02,0,32,a75479aadac4ab0e14588bb3dbab971354b70cbb22f67008de6af0b25ce850de,6144,511,3.292508840560913
S,initial,a02,0,33,81985a3b78086a93d7e6ae3ddda453bf5a959744e65bc05418fc1b56f5ec10ca,512,511,2.605940818786621
S,initial,a02,0,34,2362e3d4278d695e409c7b7ff1512062454f8d035bc9076dff42c632a29fb2ee,0,511,2.3045237064361572
S,initial,a02,0,35,85cb58452e909342c236fc118e084fa9adcfddffc1ee3968baed9838eae6ef37,0,511,2.1253879070281982
S,initial,a02,0,36,da80b33b4eb70c8d7b4c6a0fc009cedf34a39859057eb8700df906c788e6a4c8,0,511,2.452021598815918
S,initial,a02,0,37,2e3ac91c014b25eebddbb443aa8850683dfc0675b9fed2dc40ec8d5f64ec60d4,0,511,2.380274534225464
S,initial,a02,0,38,3210f7ea4f8c2a390b5fc7a519a58dd185dc01a5700b89f95e427e52d0e581c9,512,511,2.9952516555786133
S,initial,a02,0,39,f5e1818470b34abce111d71989de48dff1e3e4ef0271749d38438e1b6693f635,1536,511,2.375185012817383
S,initial,a02,0,40,3ce4586556ea72a70c76b9203dca8969adc500af610389007ec255f56b1e169e,1024,511,2.813159942626953
S,initial,a02,0,41,7b804a7a99e4de2942ef98de42165dacd3e16b944e6a538d55df1f634a23d48e,4096,511,2.8419525623321533
S,initial,a02,0,42,f6dd4f9c768666495fe711e166071758aa6c2d321def74a3ae211027ce199501,512,511,3.2942183017730713
S,initial,a02,0,43,31ed14bec015eaaefb165002eb17b020eeb35031b1a592aff7d981de7c6899b3,0,511,2.437265157699585
S,initial,a02,0,44,b3ff1454cd3a072b015b88f94f6d6889d9c0bd745fc7a5433df7c0d43151854e,512,511,2.660597562789917
S,initial,a02,0,45,3ee074eadb149c8da6002c76352f4113d1c896c63c6c090fd621092749233d6a,8704,511,3.228954315185547
S,initial,a02,0,46,5682e8596b594de16f03e38329a00d1bff4adee96204668f946a90f5292c8136,1024,511,2.8813118934631348
S,initial,a02,0,47,127630e33620c4206cd0e7ad6622f66b144b669ddf653964e56ce6654a7b32f0,3072,511,2.536301374435425
S,initial,a02,0,48,320f1288c0a9e6e7a3def263d7abab684526479abb06fc68e069fc1a9937c71d,1024,511,2.8262062072753906
S,initial,a02,0,49,58ac024cd69aa321476709f7b1742c6523bf4fb12233b5b6f60d680c8fca8e8e,1536,511,2.720521926879883
S,initial,a02,0,50,4f84e7678dedadbb233b28e11c014c0798eadf77020a5a8fb4d017d12c99e86d,2560,511,2.2508461475372314
S,initial,a02,0,51,99db37e631f9ef519733c8a72d003864c2701de3091cf19e9eba387054fdacac,512,511,3.165860414505005
S,initial,a02,0,52,0627479429bdaca6ad2b61ecd03d5b65cd330b0351b5ff8f878978d7b00c4ab2,0,511,2.645979642868042
S,initial,a02,0,53,c1e3085f9b150f54416c89fdea9cdb29ceef7e5050e94af9eafe2053fffe3e64,3584,511,2.3840131759643555
S,initial,a02,0,54,0e6b290375d52c7b5c4cd74b4c7348611213caa15ca0e87d7f6426f9e0f86e04,2048,511,2.6807308197021484
S,initial,a02,0,55,16f297fd545d4a150c1908347430e076e51e3560238877a2eec2ac020b7d3bc9,3584,511,2.6033623218536377
S,initial,a02,0,56,243408a375c7d0c1fda52538ba71d700e4d403fd2764c7491c7c1a9b7d7fd7a9,0,511,2.7249696254730225
S,initial,a02,0,57,93133535594204a5a3625fc7b90ff6ad027dca329f0359370d232d4135e91bc1,512,511,2.513371467590332
S,initial,a02,0,58,7c74fa4376b1168685d5d288b916d3317d340aad3044f88d5ca673b76d875d1c,1536,511,2.431810140609741
S,initial,a02,0,59,447ea32f527637dcb6ef068962a2fabe21ec283698e144c45ed42c46e1b27772,0,511,2.764309883117676
S,initial,a02,0,60,6db7dd742bd03a22121dc39ee8773c9afa1462f4efce21abbe54dc33c4285b1f,0,511,2.539642095565796
S,initial,a02,0,61,dc8a961be5dc24fc777b38869adf84cfc37bbe2f28514ceb0e344d39b7e01906,512,511,2.8052172660827637
S,initial,a02,0,62,3ca10415cf1f0bc4955c7ef0d186c8e93deb4aece0aaaa5fb553b43dfe5ad2aa,0,511,2.7542800903320312
S,initial,a02,0,63,6e5c6769277c87aeaf9a4fd680fad1720ce04660f567befd8a9f8c68dde50f64,0,511,2.517244577407837
S,initial,a03,0,0,71ff58ca29d05bef3a99fb59512ec09404e49be906888dc3ea5409ce8a54beea,0,511,2.3994600772857666
S,initial,a03,0,1,47ab999a2c488609314576fac2048b7f2a92afad8f7ca0326f23f648d515f167,1536,511,2.345461130142212
S,initial,a03,0,2,c6ff7382a150214656a5c5d777769384c99d3ce7764110fc98e07e5e48fddc7e,1024,511,2.5913591384887695
S,initial,a03,0,3,8739f77bc09e02e5783efc804080eff63b9ae7da7008a0e4c6412b47aa6da1c2,2048,511,2.6799843311309814
S,initial,a03,0,4,a7f7a2250dd6f72080e21112d92bdfd639fcbe8a5a9effd80028c67d5dddd416,0,511,2.5732908248901367
S,initial,a03,0,5,06cd6da2c73e993c43345dad24088c06b24d496ffc56f5f460b58cfa49d0f3df,0,511,1.7804986238479614
S,initial,a03,0,6,3adf36bb00be5fa07541f544ce8642a56fcd3a01d456650deaabc83e91d791a1,1024,511,2.864234685897827
S,initial,a03,0,7,34c9eb07c804b8ee651c4da1ac1dd801fec51c064819632bd8f4f36bd685b8a1,1024,511,3.234595537185669
S,initial,a03,0,8,dcd008e03034d7dcffb4b6abd6aa6f0bfdf0a28ddd0b53dd37784e7c055f10bb,1536,511,2.5510385036468506
S,initial,a03,0,9,4f58c96286c7c0f0417ea817ca24cf1c2db4ad3d19fdcdcf46124511fbf05b3e,512,511,2.896815538406372
S,initial,a03,0,10,7c5e18ef30b2c1c37d722f19397ccdf563e0428cdde5ff6b99a902d67975541f,5120,511,2.7607808113098145
S,initial,a03,0,11,47344d32192263b566ca14f66ce20553a4c76ff30204fae6639d7c1dde9a1f11,0,511,2.1037533283233643
S,initial,a03,0,12,98aa6addc6d0697baff9ad72065efe34b866fb27cb0c3e094c328bb57b98cf2b,512,511,2.6369738578796387
S,initial,a03,0,13,d6b58a86755a3af1a5a75d162cfd31bceb70ebe76d43dfd2b64d95def0331c1b,0,511,2.0670113563537598
S,initial,a03,0,14,c724dc11dc74fa10b6309922c9d014e010a88079d4ca2e3ca96ab091459b166e,0,511,2.4225871562957764
S,initial,a03,0,15,aad6037cda830ea2edaf38a004ae82825aa4d21585b2c0f33197a34583613c19,3072,511,2.7511730194091797
S,initial,a03,0,16,b7140ecf1283718c8b44dd77fefc16ef15f5d7579ad3d6f1da94324d11081ab5,0,511,2.5998079776763916
S,initial,a03,0,17,7c0883960fcd42892f41d565a6eb8675b26e6a7b184fa795ec1dea269c0d78f7,2560,511,3.1736037731170654
S,initial,a03,0,18,e461497c8cf9867275c7b0ab55899126e69b01926436f58a64e902baf22ad1d8,1024,511,3.0016353130340576
S,initial,a03,0,19,d236bd424f8c1de8ba7570984678d98d021bd9f796117156ee8c848d8b9e20df,512,511,2.1516427993774414
S,initial,a03,0,20,b124bcdac530f87fa8b20ed6ba5af0bdc6e2e14fe6348e8e8d9aae3bbb14d7bf,1536,511,2.647033929824829
S,initial,a03,0,21,398d9a5e65eb510a4b2165e08da91bc2e7a46f651fd4c2a7c82baca0e3f7c6f7,512,511,3.267014503479004
S,initial,a03,0,22,398d4136fe8a7fe859af6d03e3be3e80b0a4a081aa81cad5dad14be6152fbb07,1024,511,2.784895658493042
S,initial,a03,0,23,27c7a212b1dd328e6abafa8ce17f190f047ff7bf7b13546651705123022fac2b,2048,511,2.764967441558838
S,initial,a03,0,24,27e29aeb84cb9b2f80dc9061f35e33eb4710e31a4bda2e0ce985e2cb4c4af0d4,512,511,2.5755269527435303
S,initial,a03,0,25,a7ab0eebec8ed5155f1c0b6b257ae3e70464155e9540fc6cb19d9b21ce07adbe,0,511,2.300006866455078
S,initial,a03,0,26,87c73475752c7552f1b2dfb6631350662bd4d2392ea692266f7fd8d9d49255e6,5120,511,2.6849520206451416
S,initial,a03,0,27,4dfcff9cdf6a84e7dc2d2f41f4beeb5bd4a850251f084dbb833319624ea2ba03,1536,511,2.9392600059509277
S,initial,a03,0,28,c6a6c920ad14f9ced5cbb1a81a695ee0d1e0cec0886071763eca3b7609793f9a,512,511,3.023531675338745
S,initial,a03,0,29,602491df734b58909d0bdd64c12964094178660aa935fe328832f5ac7c783ce5,6656,511,3.109340190887451
S,initial,a03,0,30,3d3334d8bb76a4a5d2667fcaaf08e5519258c23da3c0ed35b0fb51ab7750456a,512,511,2.6097922325134277
S,initial,a03,0,31,a5c6bb2784e438e57e6c21063b5631ad6159e98fd0fdde6f0f393b1a6ad1ec91,0,511,2.7922329902648926
S,initial,a03,0,32,a75479aadac4ab0e14588bb3dbab971354b70cbb22f67008de6af0b25ce850de,6144,511,3.181856632232666
S,initial,a03,0,33,81985a3b78086a93d7e6ae3ddda453bf5a959744e65bc05418fc1b56f5ec10ca,512,511,2.4921164512634277
S,initial,a03,0,34,2362e3d4278d695e409c7b7ff1512062454f8d035bc9076dff42c632a29fb2ee,0,511,2.268710136413574
S,initial,a03,0,35,85cb58452e909342c236fc118e084fa9adcfddffc1ee3968baed9838eae6ef37,0,511,2.1170613765716553
S,initial,a03,0,36,da80b33b4eb70c8d7b4c6a0fc009cedf34a39859057eb8700df906c788e6a4c8,0,511,2.5055439472198486
S,initial,a03,0,37,2e3ac91c014b25eebddbb443aa8850683dfc0675b9fed2dc40ec8d5f64ec60d4,0,511,2.3230302333831787
S,initial,a03,0,38,3210f7ea4f8c2a390b5fc7a519a58dd185dc01a5700b89f95e427e52d0e581c9,512,511,2.9738094806671143
S,initial,a03,0,39,f5e1818470b34abce111d71989de48dff1e3e4ef0271749d38438e1b6693f635,1536,511,2.4057791233062744
S,initial,a03,0,40,3ce4586556ea72a70c76b9203dca8969adc500af610389007ec255f56b1e169e,1024,511,2.8415844440460205
S,initial,a03,0,41,7b804a7a99e4de2942ef98de42165dacd3e16b944e6a538d55df1f634a23d48e,4096,511,2.9185619354248047
S,initial,a03,0,42,f6dd4f9c768666495fe711e166071758aa6c2d321def74a3ae211027ce199501,512,511,3.224128007888794
S,initial,a03,0,43,31ed14bec015eaaefb165002eb17b020eeb35031b1a592aff7d981de7c6899b3,0,511,2.404877185821533
S,initial,a03,0,44,b3ff1454cd3a072b015b88f94f6d6889d9c0bd745fc7a5433df7c0d43151854e,512,511,2.649561643600464
S,initial,a03,0,45,3ee074eadb149c8da6002c76352f4113d1c896c63c6c090fd621092749233d6a,8704,511,3.2259342670440674
S,initial,a03,0,46,5682e8596b594de16f03e38329a00d1bff4adee96204668f946a90f5292c8136,1024,511,2.8707833290100098
S,initial,a03,0,47,127630e33620c4206cd0e7ad6622f66b144b669ddf653964e56ce6654a7b32f0,3072,511,2.57273530960083
S,initial,a03,0,48,320f1288c0a9e6e7a3def263d7abab684526479abb06fc68e069fc1a9937c71d,1024,511,2.8344404697418213
S,initial,a03,0,49,58ac024cd69aa321476709f7b1742c6523bf4fb12233b5b6f60d680c8fca8e8e,1536,511,2.670275926589966
S,initial,a03,0,50,4f84e7678dedadbb233b28e11c014c0798eadf77020a5a8fb4d017d12c99e86d,2560,511,2.2262229919433594
S,initial,a03,0,51,99db37e631f9ef519733c8a72d003864c2701de3091cf19e9eba387054fdacac,512,511,3.0924222469329834
S,initial,a03,0,52,0627479429bdaca6ad2b61ecd03d5b65cd330b0351b5ff8f878978d7b00c4ab2,0,511,2.629951238632202
S,initial,a03,0,53,c1e3085f9b150f54416c89fdea9cdb29ceef7e5050e94af9eafe2053fffe3e64,3584,511,2.319774866104126
S,initial,a03,0,54,0e6b290375d52c7b5c4cd74b4c7348611213caa15ca0e87d7f6426f9e0f86e04,2048,511,2.712585687637329
S,initial,a03,0,55,16f297fd545d4a150c1908347430e076e51e3560238877a2eec2ac020b7d3bc9,3584,511,2.6009671688079834
S,initial,a03,0,56,243408a375c7d0c1fda52538ba71d700e4d403fd2764c7491c7c1a9b7d7fd7a9,0,511,2.7011606693267822
S,initial,a03,0,57,93133535594204a5a3625fc7b90ff6ad027dca329f0359370d232d4135e91bc1,512,511,2.4485230445861816
S,initial,a03,0,58,7c74fa4376b1168685d5d288b916d3317d340aad3044f88d5ca673b76d875d1c,1536,511,2.4540512561798096
S,initial,a03,0,59,447ea32f527637dcb6ef068962a2fabe21ec283698e144c45ed42c46e1b27772,0,511,2.7331595420837402
S,initial,a03,0,60,6db7dd742bd03a22121dc39ee8773c9afa1462f4efce21abbe54dc33c4285b1f,0,511,2.4292542934417725
S,initial,a03,0,61,dc8a961be5dc24fc777b38869adf84cfc37bbe2f28514ceb0e344d39b7e01906,512,511,2.819986581802368
S,initial,a03,0,62,3ca10415cf1f0bc4955c7ef0d186c8e93deb4aece0aaaa5fb553b43dfe5ad2aa,0,511,2.711681365966797
S,initial,a03,0,63,6e5c6769277c87aeaf9a4fd680fad1720ce04660f567befd8a9f8c68dde50f64,0,511,2.60559344291687
S,initial,a04,0,0,71ff58ca29d05bef3a99fb59512ec09404e49be906888dc3ea5409ce8a54beea,0,511,2.4702529907226562
S,initial,a04,0,1,47ab999a2c488609314576fac2048b7f2a92afad8f7ca0326f23f648d515f167,1536,511,2.3089494705200195
S,initial,a04,0,2,c6ff7382a150214656a5c5d777769384c99d3ce7764110fc98e07e5e48fddc7e,1024,511,2.649470567703247
S,initial,a04,0,3,8739f77bc09e02e5783efc804080eff63b9ae7da7008a0e4c6412b47aa6da1c2,2048,511,2.635439157485962
S,initial,a04,0,4,a7f7a2250dd6f72080e21112d92bdfd639fcbe8a5a9effd80028c67d5dddd416,0,511,2.637962818145752
S,initial,a04,0,5,06cd6da2c73e993c43345dad24088c06b24d496ffc56f5f460b58cfa49d0f3df,0,511,1.8602080345153809
S,initial,a04,0,6,3adf36bb00be5fa07541f544ce8642a56fcd3a01d456650deaabc83e91d791a1,1024,511,2.9380669593811035
S,initial,a04,0,7,34c9eb07c804b8ee651c4da1ac1dd801fec51c064819632bd8f4f36bd685b8a1,1024,511,3.2102510929107666
S,initial,a04,0,8,dcd008e03034d7dcffb4b6abd6aa6f0bfdf0a28ddd0b53dd37784e7c055f10bb,1536,511,2.5259640216827393
S,initial,a04,0,9,4f58c96286c7c0f0417ea817ca24cf1c2db4ad3d19fdcdcf46124511fbf05b3e,512,511,2.9707329273223877
S,initial,a04,0,10,7c5e18ef30b2c1c37d722f19397ccdf563e0428cdde5ff6b99a902d67975541f,5120,511,2.73184871673584
S,initial,a04,0,11,47344d32192263b566ca14f66ce20553a4c76ff30204fae6639d7c1dde9a1f11,0,511,2.121084451675415
S,initial,a04,0,12,98aa6addc6d0697baff9ad72065efe34b866fb27cb0c3e094c328bb57b98cf2b,512,511,2.6231794357299805
S,initial,a04,0,13,d6b58a86755a3af1a5a75d162cfd31bceb70ebe76d43dfd2b64d95def0331c1b,0,511,2.0578365325927734
S,initial,a04,0,14,c724dc11dc74fa10b6309922c9d014e010a88079d4ca2e3ca96ab091459b166e,0,511,2.429945468902588
S,initial,a04,0,15,aad6037cda830ea2edaf38a004ae82825aa4d21585b2c0f33197a34583613c19,3072,511,2.7943215370178223
S,initial,a04,0,16,b7140ecf1283718c8b44dd77fefc16ef15f5d7579ad3d6f1da94324d11081ab5,0,511,2.6411807537078857
S,initial,a04,0,17,7c0883960fcd42892f41d565a6eb8675b26e6a7b184fa795ec1dea269c0d78f7,2560,511,3.1897456645965576
S,initial,a04,0,18,e461497c8cf9867275c7b0ab55899126e69b01926436f58a64e902baf22ad1d8,1024,511,2.9710822105407715
S,initial,a04,0,19,d236bd424f8c1de8ba7570984678d98d021bd9f796117156ee8c848d8b9e20df,512,511,2.3127574920654297
S,initial,a04,0,20,b124bcdac530f87fa8b20ed6ba5af0bdc6e2e14fe6348e8e8d9aae3bbb14d7bf,1536,511,2.569089889526367
S,initial,a04,0,21,398d9a5e65eb510a4b2165e08da91bc2e7a46f651fd4c2a7c82baca0e3f7c6f7,512,511,3.267144203186035
S,initial,a04,0,22,398d4136fe8a7fe859af6d03e3be3e80b0a4a081aa81cad5dad14be6152fbb07,1024,511,2.822705030441284
S,initial,a04,0,23,27c7a212b1dd328e6abafa8ce17f190f047ff7bf7b13546651705123022fac2b,2048,511,2.7198073863983154
S,initial,a04,0,24,27e29aeb84cb9b2f80dc9061f35e33eb4710e31a4bda2e0ce985e2cb4c4af0d4,512,511,2.6569292545318604
S,initial,a04,0,25,a7ab0eebec8ed5155f1c0b6b257ae3e70464155e9540fc6cb19d9b21ce07adbe,0,511,2.383951187133789
S,initial,a04,0,26,87c73475752c7552f1b2dfb6631350662bd4d2392ea692266f7fd8d9d49255e6,5120,511,2.712480068206787
S,initial,a04,0,27,4dfcff9cdf6a84e7dc2d2f41f4beeb5bd4a850251f084dbb833319624ea2ba03,1536,511,2.947479248046875
S,initial,a04,0,28,c6a6c920ad14f9ced5cbb1a81a695ee0d1e0cec0886071763eca3b7609793f9a,512,511,3.0355825424194336
S,initial,a04,0,29,602491df734b58909d0bdd64c12964094178660aa935fe328832f5ac7c783ce5,6656,511,3.1433277130126953
S,initial,a04,0,30,3d3334d8bb76a4a5d2667fcaaf08e5519258c23da3c0ed35b0fb51ab7750456a,512,511,2.6729981899261475
S,initial,a04,0,31,a5c6bb2784e438e57e6c21063b5631ad6159e98fd0fdde6f0f393b1a6ad1ec91,0,511,2.8162825107574463
S,initial,a04,0,32,a75479aadac4ab0e14588bb3dbab971354b70cbb22f67008de6af0b25ce850de,6144,511,3.206542491912842
S,initial,a04,0,33,81985a3b78086a93d7e6ae3ddda453bf5a959744e65bc05418fc1b56f5ec10ca,512,511,2.549506187438965
S,initial,a04,0,34,2362e3d4278d695e409c7b7ff1512062454f8d035bc9076dff42c632a29fb2ee,0,511,2.2893753051757812
S,initial,a04,0,35,85cb58452e909342c236fc118e084fa9adcfddffc1ee3968baed9838eae6ef37,0,511,2.1724331378936768
S,initial,a04,0,36,da80b33b4eb70c8d7b4c6a0fc009cedf34a39859057eb8700df906c788e6a4c8,0,511,2.4898083209991455
S,initial,a04,0,37,2e3ac91c014b25eebddbb443aa8850683dfc0675b9fed2dc40ec8d5f64ec60d4,0,511,2.3600995540618896
S,initial,a04,0,38,3210f7ea4f8c2a390b5fc7a519a58dd185dc01a5700b89f95e427e52d0e581c9,512,511,2.9529361724853516
S,initial,a04,0,39,f5e1818470b34abce111d71989de48dff1e3e4ef0271749d38438e1b6693f635,1536,511,2.413306951522827
S,initial,a04,0,40,3ce4586556ea72a70c76b9203dca8969adc500af610389007ec255f56b1e169e,1024,511,2.8202154636383057
S,initial,a04,0,41,7b804a7a99e4de2942ef98de42165dacd3e16b944e6a538d55df1f634a23d48e,4096,511,2.826153039932251
S,initial,a04,0,42,f6dd4f9c768666495fe711e166071758aa6c2d321def74a3ae211027ce199501,512,511,3.2230403423309326
S,initial,a04,0,43,31ed14bec015eaaefb165002eb17b020eeb35031b1a592aff7d981de7c6899b3,0,511,2.462949752807617
S,initial,a04,0,44,b3ff1454cd3a072b015b88f94f6d6889d9c0bd745fc7a5433df7c0d43151854e,512,511,2.676240921020508
S,initial,a04,0,45,3ee074eadb149c8da6002c76352f4113d1c896c63c6c090fd621092749233d6a,8704,511,3.2537851333618164
S,initial,a04,0,46,5682e8596b594de16f03e38329a00d1bff4adee96204668f946a90f5292c8136,1024,511,2.9613776206970215
S,initial,a04,0,47,127630e33620c4206cd0e7ad6622f66b144b669ddf653964e56ce6654a7b32f0,3072,511,2.5348961353302
S,initial,a04,0,48,320f1288c0a9e6e7a3def263d7abab684526479abb06fc68e069fc1a9937c71d,1024,511,2.8086555004119873
S,initial,a04,0,49,58ac024cd69aa321476709f7b1742c6523bf4fb12233b5b6f60d680c8fca8e8e,1536,511,2.7212016582489014
S,initial,a04,0,50,4f84e7678dedadbb233b28e11c014c0798eadf77020a5a8fb4d017d12c99e86d,2560,511,2.323089122772217
S,initial,a04,0,51,99db37e631f9ef519733c8a72d003864c2701de3091cf19e9eba387054fdacac,512,511,3.1335010528564453
S,initial,a04,0,52,0627479429bdaca6ad2b61ecd03d5b65cd330b0351b5ff8f878978d7b00c4ab2,0,511,2.6358261108398438
S,initial,a04,0,53,c1e3085f9b150f54416c89fdea9cdb29ceef7e5050e94af9eafe2053fffe3e64,3584,511,2.3729443550109863
S,initial,a04,0,54,0e6b290375d52c7b5c4cd74b4c7348611213caa15ca0e87d7f6426f9e0f86e04,2048,511,2.672896385192871
S,initial,a04,0,55,16f297fd545d4a150c1908347430e076e51e3560238877a2eec2ac020b7d3bc9,3584,511,2.6635489463806152
S,initial,a04,0,56,243408a375c7d0c1fda52538ba71d700e4d403fd2764c7491c7c1a9b7d7fd7a9,0,511,2.6974306106567383
S,initial,a04,0,57,93133535594204a5a3625fc7b90ff6ad027dca329f0359370d232d4135e91bc1,512,511,2.5779199600219727
S,initial,a04,0,58,7c74fa4376b1168685d5d288b916d3317d340aad3044f88d5ca673b76d875d1c,1536,511,2.441650867462158
S,initial,a04,0,59,447ea32f527637dcb6ef068962a2fabe21ec283698e144c45ed42c46e1b27772,0,511,2.730386257171631
S,initial,a04,0,60,6db7dd742bd03a22121dc39ee8773c9afa1462f4efce21abbe54dc33c4285b1f,0,511,2.4934744834899902
S,initial,a04,0,61,dc8a961be5dc24fc777b38869adf84cfc37bbe2f28514ceb0e344d39b7e01906,512,511,2.859861373901367
S,initial,a04,0,62,3ca10415cf1f0bc4955c7ef0d186c8e93deb4aece0aaaa5fb553b43dfe5ad2aa,0,511,2.7365269660949707
S,initial,a04,0,63,6e5c6769277c87aeaf9a4fd680fad1720ce04660f567befd8a9f8c68dde50f64,0,511,2.569368362426758
S,initial,a05,0,0,71ff58ca29d05bef3a99fb59512ec09404e49be906888dc3ea5409ce8a54beea,0,511,2.45908784866333
S,initial,a05,0,1,47ab999a2c488609314576fac2048b7f2a92afad8f7ca0326f23f648d515f167,1536,511,2.2858726978302
S,initial,a05,0,2,c6ff7382a150214656a5c5d777769384c99d3ce7764110fc98e07e5e48fddc7e,1024,511,2.685011148452759
S,initial,a05,0,3,8739f77bc09e02e5783efc804080eff63b9ae7da7008a0e4c6412b47aa6da1c2,2048,511,2.756472110748291
S,initial,a05,0,4,a7f7a2250dd6f72080e21112d92bdfd639fcbe8a5a9effd80028c67d5dddd416,0,511,2.6078531742095947
S,initial,a05,0,5,06cd6da2c73e993c43345dad24088c06b24d496ffc56f5f460b58cfa49d0f3df,0,511,1.804992437362671
S,initial,a05,0,6,3adf36bb00be5fa07541f544ce8642a56fcd3a01d456650deaabc83e91d791a1,1024,511,2.882842779159546
S,initial,a05,0,7,34c9eb07c804b8ee651c4da1ac1dd801fec51c064819632bd8f4f36bd685b8a1,1024,511,3.224513292312622
S,initial,a05,0,8,dcd008e03034d7dcffb4b6abd6aa6f0bfdf0a28ddd0b53dd37784e7c055f10bb,1536,511,2.5768048763275146
S,initial,a05,0,9,4f58c96286c7c0f0417ea817ca24cf1c2db4ad3d19fdcdcf46124511fbf05b3e,512,511,3.0044126510620117
S,initial,a05,0,10,7c5e18ef30b2c1c37d722f19397ccdf563e0428cdde5ff6b99a902d67975541f,5120,511,2.7687103748321533
S,initial,a05,0,11,47344d32192263b566ca14f66ce20553a4c76ff30204fae6639d7c1dde9a1f11,0,511,2.1435279846191406
S,initial,a05,0,12,98aa6addc6d0697baff9ad72065efe34b866fb27cb0c3e094c328bb57b98cf2b,512,511,2.6837050914764404
S,initial,a05,0,13,d6b58a86755a3af1a5a75d162cfd31bceb70ebe76d43dfd2b64d95def0331c1b,0,511,2.046386957168579
S,initial,a05,0,14,c724dc11dc74fa10b6309922c9d014e010a88079d4ca2e3ca96ab091459b166e,0,511,2.456561326980591
S,initial,a05,0,15,aad6037cda830ea2edaf38a004ae82825aa4d21585b2c0f33197a34583613c19,3072,511,2.7972793579101562
S,initial,a05,0,16,b7140ecf1283718c8b44dd77fefc16ef15f5d7579ad3d6f1da94324d11081ab5,0,511,2.6391050815582275
S,initial,a05,0,17,7c0883960fcd42892f41d565a6eb8675b26e6a7b184fa795ec1dea269c0d78f7,2560,511,3.1890451908111572
S,initial,a05,0,18,e461497c8cf9867275c7b0ab55899126e69b01926436f58a64e902baf22ad1d8,1024,511,3.024085760116577
S,initial,a05,0,19,d236bd424f8c1de8ba7570984678d98d021bd9f796117156ee8c848d8b9e20df,512,511,2.2357308864593506
S,initial,a05,0,20,b124bcdac530f87fa8b20ed6ba5af0bdc6e2e14fe6348e8e8d9aae3bbb14d7bf,1536,511,2.6247305870056152
S,initial,a05,0,21,398d9a5e65eb510a4b2165e08da91bc2e7a46f651fd4c2a7c82baca0e3f7c6f7,512,511,3.241267442703247
S,initial,a05,0,22,398d4136fe8a7fe859af6d03e3be3e80b0a4a081aa81cad5dad14be6152fbb07,1024,511,2.8338165283203125
S,initial,a05,0,23,27c7a212b1dd328e6abafa8ce17f190f047ff7bf7b13546651705123022fac2b,2048,511,2.677954912185669
S,initial,a05,0,24,27e29aeb84cb9b2f80dc9061f35e33eb4710e31a4bda2e0ce985e2cb4c4af0d4,512,511,2.666396141052246
S,initial,a05,0,25,a7ab0eebec8ed5155f1c0b6b257ae3e70464155e9540fc6cb19d9b21ce07adbe,0,511,2.372633457183838
S,initial,a05,0,26,87c73475752c7552f1b2dfb6631350662bd4d2392ea692266f7fd8d9d49255e6,5120,511,2.728224277496338
S,initial,a05,0,27,4dfcff9cdf6a84e7dc2d2f41f4beeb5bd4a850251f084dbb833319624ea2ba03,1536,511,2.9713571071624756
S,initial,a05,0,28,c6a6c920ad14f9ced5cbb1a81a695ee0d1e0cec0886071763eca3b7609793f9a,512,511,3.064396619796753
S,initial,a05,0,29,602491df734b58909d0bdd64c12964094178660aa935fe328832f5ac7c783ce5,6656,511,3.1063954830169678
S,initial,a05,0,30,3d3334d8bb76a4a5d2667fcaaf08e5519258c23da3c0ed35b0fb51ab7750456a,512,511,2.6608998775482178
S,initial,a05,0,31,a5c6bb2784e438e57e6c21063b5631ad6159e98fd0fdde6f0f393b1a6ad1ec91,0,511,2.7909247875213623
S,initial,a05,0,32,a75479aadac4ab0e14588bb3dbab971354b70cbb22f67008de6af0b25ce850de,6144,511,3.233393907546997
S,initial,a05,0,33,81985a3b78086a93d7e6ae3ddda453bf5a959744e65bc05418fc1b56f5ec10ca,512,511,2.5913708209991455
S,initial,a05,0,34,2362e3d4278d695e409c7b7ff1512062454f8d035bc9076dff42c632a29fb2ee,0,511,2.3640408515930176
S,initial,a05,0,35,85cb58452e909342c236fc118e084fa9adcfddffc1ee3968baed9838eae6ef37,0,511,2.0922670364379883
S,initial,a05,0,36,da80b33b4eb70c8d7b4c6a0fc009cedf34a39859057eb8700df906c788e6a4c8,0,511,2.4601247310638428
S,initial,a05,0,37,2e3ac91c014b25eebddbb443aa8850683dfc0675b9fed2dc40ec8d5f64ec60d4,0,511,2.3900458812713623
S,initial,a05,0,38,3210f7ea4f8c2a390b5fc7a519a58dd185dc01a5700b89f95e427e52d0e581c9,512,511,2.9449269771575928
S,initial,a05,0,39,f5e1818470b34abce111d71989de48dff1e3e4ef0271749d38438e1b6693f635,1536,511,2.4114744663238525
S,initial,a05,0,40,3ce4586556ea72a70c76b9203dca8969adc500af610389007ec255f56b1e169e,1024,511,2.8907999992370605
S,initial,a05,0,41,7b804a7a99e4de2942ef98de42165dacd3e16b944e6a538d55df1f634a23d48e,4096,511,2.8446905612945557
S,initial,a05,0,42,f6dd4f9c768666495fe711e166071758aa6c2d321def74a3ae211027ce199501,512,511,3.2553324699401855
S,initial,a05,0,43,31ed14bec015eaaefb165002eb17b020eeb35031b1a592aff7d981de7c6899b3,0,511,2.4322397708892822
S,initial,a05,0,44,b3ff1454cd3a072b015b88f94f6d6889d9c0bd745fc7a5433df7c0d43151854e,512,511,2.649562120437622
S,initial,a05,0,45,3ee074eadb149c8da6002c76352f4113d1c896c63c6c090fd621092749233d6a,8704,511,3.2643845081329346
S,initial,a05,0,46,5682e8596b594de16f03e38329a00d1bff4adee96204668f946a90f5292c8136,1024,511,2.9954235553741455
S,initial,a05,0,47,127630e33620c4206cd0e7ad6622f66b144b669ddf653964e56ce6654a7b32f0,3072,511,2.5510427951812744
S,initial,a05,0,48,320f1288c0a9e6e7a3def263d7abab684526479abb06fc68e069fc1a9937c71d,1024,511,2.822460174560547
S,initial,a05,0,49,58ac024cd69aa321476709f7b1742c6523bf4fb12233b5b6f60d680c8fca8e8e,1536,511,2.732795238494873
S,initial,a05,0,50,4f84e7678dedadbb233b28e11c014c0798eadf77020a5a8fb4d017d12c99e86d,2560,511,2.317871570587158
S,initial,a05,0,51,99db37e631f9ef519733c8a72d003864c2701de3091cf19e9eba387054fdacac,512,511,3.1508641242980957
S,initial,a05,0,52,0627479429bdaca6ad2b61ecd03d5b65cd330b0351b5ff8f878978d7b00c4ab2,0,511,2.6506881713867188
S,initial,a05,0,53,c1e3085f9b150f54416c89fdea9cdb29ceef7e5050e94af9eafe2053fffe3e64,3584,511,2.36928391456604
S,initial,a05,0,54,0e6b290375d52c7b5c4cd74b4c7348611213caa15ca0e87d7f6426f9e0f86e04,2048,511,2.6894936561584473
S,initial,a05,0,55,16f297fd545d4a150c1908347430e076e51e3560238877a2eec2ac020b7d3bc9,3584,511,2.644930839538574
S,initial,a05,0,56,243408a375c7d0c1fda52538ba71d700e4d403fd2764c7491c7c1a9b7d7fd7a9,0,511,2.728067398071289
S,initial,a05,0,57,93133535594204a5a3625fc7b90ff6ad027dca329f0359370d232d4135e91bc1,512,511,2.517122745513916
S,initial,a05,0,58,7c74fa4376b1168685d5d288b916d3317d340aad3044f88d5ca673b76d875d1c,1536,511,2.4119365215301514
S,initial,a05,0,59,447ea32f527637dcb6ef068962a2fabe21ec283698e144c45ed42c46e1b27772,0,511,2.7161405086517334
S,initial,a05,0,60,6db7dd742bd03a22121dc39ee8773c9afa1462f4efce21abbe54dc33c4285b1f,0,511,2.4838831424713135
S,initial,a05,0,61,dc8a961be5dc24fc777b38869adf84cfc37bbe2f28514ceb0e344d39b7e01906,512,511,2.8918042182922363
S,initial,a05,0,62,3ca10415cf1f0bc4955c7ef0d186c8e93deb4aece0aaaa5fb553b43dfe5ad2aa,0,511,2.7406768798828125
S,initial,a05,0,63,6e5c6769277c87aeaf9a4fd680fad1720ce04660f567befd8a9f8c68dde50f64,0,511,2.6026220321655273
S,initial,a06,0,0,71ff58ca29d05bef3a99fb59512ec09404e49be906888dc3ea5409ce8a54beea,0,511,2.4608232975006104
S,initial,a06,0,1,47ab999a2c488609314576fac2048b7f2a92afad8f7ca0326f23f648d515f167,1536,511,2.3995842933654785
S,initial,a06,0,2,c6ff7382a150214656a5c5d777769384c99d3ce7764110fc98e07e5e48fddc7e,1024,511,2.724030017852783
S,initial,a06,0,3,8739f77bc09e02e5783efc804080eff63b9ae7da7008a0e4c6412b47aa6da1c2,2048,511,2.6862998008728027
S,initial,a06,0,4,a7f7a2250dd6f72080e21112d92bdfd639fcbe8a5a9effd80028c67d5dddd416,0,511,2.659790515899658
S,initial,a06,0,5,06cd6da2c73e993c43345dad24088c06b24d496ffc56f5f460b58cfa49d0f3df,0,511,1.8046143054962158
S,initial,a06,0,6,3adf36bb00be5fa07541f544ce8642a56fcd3a01d456650deaabc83e91d791a1,1024,511,2.947011709213257
S,initial,a06,0,7,34c9eb07c804b8ee651c4da1ac1dd801fec51c064819632bd8f4f36bd685b8a1,1024,511,3.2087340354919434
S,initial,a06,0,8,dcd008e03034d7dcffb4b6abd6aa6f0bfdf0a28ddd0b53dd37784e7c055f10bb,1536,511,2.5779101848602295
S,initial,a06,0,9,4f58c96286c7c0f0417ea817ca24cf1c2db4ad3d19fdcdcf46124511fbf05b3e,512,511,2.8990767002105713
S,initial,a06,0,10,7c5e18ef30b2c1c37d722f19397ccdf563e0428cdde5ff6b99a902d67975541f,5120,511,2.7584214210510254
S,initial,a06,0,11,47344d32192263b566ca14f66ce20553a4c76ff30204fae6639d7c1dde9a1f11,0,511,2.1578118801116943
S,initial,a06,0,12,98aa6addc6d0697baff9ad72065efe34b866fb27cb0c3e094c328bb57b98cf2b,512,511,2.6411290168762207
S,initial,a06,0,13,d6b58a86755a3af1a5a75d162cfd31bceb70ebe76d43dfd2b64d95def0331c1b,0,511,2.1549510955810547
S,initial,a06,0,14,c724dc11dc74fa10b6309922c9d014e010a88079d4ca2e3ca96ab091459b166e,0,511,2.490262508392334
S,initial,a06,0,15,aad6037cda830ea2edaf38a004ae82825aa4d21585b2c0f33197a34583613c19,3072,511,2.8097143173217773
S,initial,a06,0,16,b7140ecf1283718c8b44dd77fefc16ef15f5d7579ad3d6f1da94324d11081ab5,0,511,2.7038888931274414
S,initial,a06,0,17,7c0883960fcd42892f41d565a6eb8675b26e6a7b184fa795ec1dea269c0d78f7,2560,511,3.2254891395568848
S,initial,a06,0,18,e461497c8cf9867275c7b0ab55899126e69b01926436f58a64e902baf22ad1d8,1024,511,3.026001214981079
S,initial,a06,0,19,d236bd424f8c1de8ba7570984678d98d021bd9f796117156ee8c848d8b9e20df,512,511,2.275799036026001
S,initial,a06,0,20,b124bcdac530f87fa8b20ed6ba5af0bdc6e2e14fe6348e8e8d9aae3bbb14d7bf,1536,511,2.633967161178589
S,initial,a06,0,21,398d9a5e65eb510a4b2165e08da91bc2e7a46f651fd4c2a7c82baca0e3f7c6f7,512,511,3.3160152435302734
S,initial,a06,0,22,398d4136fe8a7fe859af6d03e3be3e80b0a4a081aa81cad5dad14be6152fbb07,1024,511,2.800738573074341
S,initial,a06,0,23,27c7a212b1dd328e6abafa8ce17f190f047ff7bf7b13546651705123022fac2b,2048,511,2.7544569969177246
S,initial,a06,0,24,27e29aeb84cb9b2f80dc9061f35e33eb4710e31a4bda2e0ce985e2cb4c4af0d4,512,511,2.629805088043213
S,initial,a06,0,25,a7ab0eebec8ed5155f1c0b6b257ae3e70464155e9540fc6cb19d9b21ce07adbe,0,511,2.3372185230255127
S,initial,a06,0,26,87c73475752c7552f1b2dfb6631350662bd4d2392ea692266f7fd8d9d49255e6,5120,511,2.7645204067230225
S,initial,a06,0,27,4dfcff9cdf6a84e7dc2d2f41f4beeb5bd4a850251f084dbb833319624ea2ba03,1536,511,2.9953835010528564
S,initial,a06,0,28,c6a6c920ad14f9ced5cbb1a81a695ee0d1e0cec0886071763eca3b7609793f9a,512,511,3.043177843093872
S,initial,a06,0,29,602491df734b58909d0bdd64c12964094178660aa935fe328832f5ac7c783ce5,6656,511,3.1767001152038574
S,initial,a06,0,30,3d3334d8bb76a4a5d2667fcaaf08e5519258c23da3c0ed35b0fb51ab7750456a,512,511,2.722928285598755
S,initial,a06,0,31,a5c6bb2784e438e57e6c21063b5631ad6159e98fd0fdde6f0f393b1a6ad1ec91,0,511,2.877197742462158
S,initial,a06,0,32,a75479aadac4ab0e14588bb3dbab971354b70cbb22f67008de6af0b25ce850de,6144,511,3.249772787094116
S,initial,a06,0,33,81985a3b78086a93d7e6ae3ddda453bf5a959744e65bc05418fc1b56f5ec10ca,512,511,2.5998151302337646
S,initial,a06,0,34,2362e3d4278d695e409c7b7ff1512062454f8d035bc9076dff42c632a29fb2ee,0,511,2.352121114730835
S,initial,a06,0,35,85cb58452e909342c236fc118e084fa9adcfddffc1ee3968baed9838eae6ef37,0,511,2.186500072479248
S,initial,a06,0,36,da80b33b4eb70c8d7b4c6a0fc009cedf34a39859057eb8700df906c788e6a4c8,0,511,2.4848806858062744
S,initial,a06,0,37,2e3ac91c014b25eebddbb443aa8850683dfc0675b9fed2dc40ec8d5f64ec60d4,0,511,2.4016661643981934
S,initial,a06,0,38,3210f7ea4f8c2a390b5fc7a519a58dd185dc01a5700b89f95e427e52d0e581c9,512,511,3.0359673500061035
S,initial,a06,0,39,f5e1818470b34abce111d71989de48dff1e3e4ef0271749d38438e1b6693f635,1536,511,2.4185140132904053
S,initial,a06,0,40,3ce4586556ea72a70c76b9203dca8969adc500af610389007ec255f56b1e169e,1024,511,2.845952033996582
S,initial,a06,0,41,7b804a7a99e4de2942ef98de42165dacd3e16b944e6a538d55df1f634a23d48e,4096,511,2.9088943004608154
S,initial,a06,0,42,f6dd4f9c768666495fe711e166071758aa6c2d321def74a3ae211027ce199501,512,511,3.2659051418304443
S,initial,a06,0,43,31ed14bec015eaaefb165002eb17b020eeb35031b1a592aff7d981de7c6899b3,0,511,2.4875564575195312
S,initial,a06,0,44,b3ff1454cd3a072b015b88f94f6d6889d9c0bd745fc7a5433df7c0d43151854e,512,511,2.708932399749756
S,initial,a06,0,45,3ee074eadb149c8da6002c76352f4113d1c896c63c6c090fd621092749233d6a,8704,511,3.281717538833618
S,initial,a06,0,46,5682e8596b594de16f03e38329a00d1bff4adee96204668f946a90f5292c8136,1024,511,2.9010725021362305
S,initial,a06,0,47,127630e33620c4206cd0e7ad6622f66b144b669ddf653964e56ce6654a7b32f0,3072,511,2.6040544509887695
S,initial,a06,0,48,320f1288c0a9e6e7a3def263d7abab684526479abb06fc68e069fc1a9937c71d,1024,511,2.866382122039795
S,initial,a06,0,49,58ac024cd69aa321476709f7b1742c6523bf4fb12233b5b6f60d680c8fca8e8e,1536,511,2.7093758583068848
S,initial,a06,0,50,4f84e7678dedadbb233b28e11c014c0798eadf77020a5a8fb4d017d12c99e86d,2560,511,2.276632070541382
S,initial,a06,0,51,99db37e631f9ef519733c8a72d003864c2701de3091cf19e9eba387054fdacac,512,511,3.1835732460021973
S,initial,a06,0,52,0627479429bdaca6ad2b61ecd03d5b65cd330b0351b5ff8f878978d7b00c4ab2,0,511,2.654409885406494
S,initial,a06,0,53,c1e3085f9b150f54416c89fdea9cdb29ceef7e5050e94af9eafe2053fffe3e64,3584,511,2.392559766769409
S,initial,a06,0,54,0e6b290375d52c7b5c4cd74b4c7348611213caa15ca0e87d7f6426f9e0f86e04,2048,511,2.7047955989837646
S,initial,a06,0,55,16f297fd545d4a150c1908347430e076e51e3560238877a2eec2ac020b7d3bc9,3584,511,2.63181471824646
S,initial,a06,0,56,243408a375c7d0c1fda52538ba71d700e4d403fd2764c7491c7c1a9b7d7fd7a9,0,511,2.756726026535034
S,initial,a06,0,57,93133535594204a5a3625fc7b90ff6ad027dca329f0359370d232d4135e91bc1,512,511,2.5536890029907227
S,initial,a06,0,58,7c74fa4376b1168685d5d288b916d3317d340aad3044f88d5ca673b76d875d1c,1536,511,2.46248197555542
S,initial,a06,0,59,447ea32f527637dcb6ef068962a2fabe21ec283698e144c45ed42c46e1b27772,0,511,2.811248779296875
S,initial,a06,0,60,6db7dd742bd03a22121dc39ee8773c9afa1462f4efce21abbe54dc33c4285b1f,0,511,2.5575239658355713
S,initial,a06,0,61,dc8a961be5dc24fc777b38869adf84cfc37bbe2f28514ceb0e344d39b7e01906,512,511,2.835418701171875
S,initial,a06,0,62,3ca10415cf1f0bc4955c7ef0d186c8e93deb4aece0aaaa5fb553b43dfe5ad2aa,0,511,2.7693073749542236
S,initial,a06,0,63,6e5c6769277c87aeaf9a4fd680fad1720ce04660f567befd8a9f8c68dde50f64,0,511,2.6145331859588623
S,initial,a07,0,0,71ff58ca29d05bef3a99fb59512ec09404e49be906888dc3ea5409ce8a54beea,0,511,2.437389612197876
S,initial,a07,0,1,47ab999a2c488609314576fac2048b7f2a92afad8f7ca0326f23f648d515f167,1536,511,2.3653478622436523
S,initial,a07,0,2,c6ff7382a150214656a5c5d777769384c99d3ce7764110fc98e07e5e48fddc7e,1024,511,2.716935873031616
S,initial,a07,0,3,8739f77bc09e02e5783efc804080eff63b9ae7da7008a0e4c6412b47aa6da1c2,2048,511,2.666863203048706
S,initial,a07,0,4,a7f7a2250dd6f72080e21112d92bdfd639fcbe8a5a9effd80028c67d5dddd416,0,511,2.671868085861206
S,initial,a07,0,5,06cd6da2c73e993c43345dad24088c06b24d496ffc56f5f460b58cfa49d0f3df,0,511,1.833470344543457
S,initial,a07,0,6,3adf36bb00be5fa07541f544ce8642a56fcd3a01d456650deaabc83e91d791a1,1024,511,2.881436347961426
S,initial,a07,0,7,34c9eb07c804b8ee651c4da1ac1dd801fec51c064819632bd8f4f36bd685b8a1,1024,511,3.2275898456573486
S,initial,a07,0,8,dcd008e03034d7dcffb4b6abd6aa6f0bfdf0a28ddd0b53dd37784e7c055f10bb,1536,511,2.5478947162628174
S,initial,a07,0,9,4f58c96286c7c0f0417ea817ca24cf1c2db4ad3d19fdcdcf46124511fbf05b3e,512,511,2.9681291580200195
S,initial,a07,0,10,7c5e18ef30b2c1c37d722f19397ccdf563e0428cdde5ff6b99a902d67975541f,5120,511,2.7544424533843994
S,initial,a07,0,11,47344d32192263b566ca14f66ce20553a4c76ff30204fae6639d7c1dde9a1f11,0,511,2.0700089931488037
S,initial,a07,0,12,98aa6addc6d0697baff9ad72065efe34b866fb27cb0c3e094c328bb57b98cf2b,512,511,2.689138889312744
S,initial,a07,0,13,d6b58a86755a3af1a5a75d162cfd31bceb70ebe76d43dfd2b64d95def0331c1b,0,511,2.0670523643493652
S,initial,a07,0,14,c724dc11dc74fa10b6309922c9d014e010a88079d4ca2e3ca96ab091459b166e,0,511,2.4745378494262695
S,initial,a07,0,15,aad6037cda830ea2edaf38a004ae82825aa4d21585b2c0f33197a34583613c19,3072,511,2.7921109199523926
S,initial,a07,0,16,b7140ecf1283718c8b44dd77fefc16ef15f5d7579ad3d6f1da94324d11081ab5,0,511,2.6449618339538574
S,initial,a07,0,17,7c0883960fcd42892f41d565a6eb8675b26e6a7b184fa795ec1dea269c0d78f7,2560,511,3.235321044921875
S,initial,a07,0,18,e461497c8cf9867275c7b0ab55899126e69b01926436f58a64e902baf22ad1d8,1024,511,2.9923157691955566
S,initial,a07,0,19,d236bd424f8c1de8ba7570984678d98d021bd9f796117156ee8c848d8b9e20df,512,511,2.3365890979766846
S,initial,a07,0,20,b124bcdac530f87fa8b20ed6ba5af0bdc6e2e14fe6348e8e8d9aae3bbb14d7bf,1536,511,2.6136465072631836
S,initial,a07,0,21,398d9a5e65eb510a4b2165e08da91bc2e7a46f651fd4c2a7c82baca0e3f7c6f7,512,511,3.349428415298462
S,initial,a07,0,22,398d4136fe8a7fe859af6d03e3be3e80b0a4a081aa81cad5dad14be6152fbb07,1024,511,2.823448896408081
S,initial,a07,0,23,27c7a212b1dd328e6abafa8ce17f190f047ff7bf7b13546651705123022fac2b,2048,511,2.731757879257202
S,initial,a07,0,24,27e29aeb84cb9b2f80dc9061f35e33eb4710e31a4bda2e0ce985e2cb4c4af0d4,512,511,2.6118247509002686
S,initial,a07,0,25,a7ab0eebec8ed5155f1c0b6b257ae3e70464155e9540fc6cb19d9b21ce07adbe,0,511,2.3503363132476807
S,initial,a07,0,26,87c73475752c7552f1b2dfb6631350662bd4d2392ea692266f7fd8d9d49255e6,5120,511,2.785249710083008
S,initial,a07,0,27,4dfcff9cdf6a84e7dc2d2f41f4beeb5bd4a850251f084dbb833319624ea2ba03,1536,511,3.000744104385376
S,initial,a07,0,28,c6a6c920ad14f9ced5cbb1a81a695ee0d1e0cec0886071763eca3b7609793f9a,512,511,3.060126781463623
S,initial,a07,0,29,602491df734b58909d0bdd64c12964094178660aa935fe328832f5ac7c783ce5,6656,511,3.2220611572265625
S,initial,a07,0,30,3d3334d8bb76a4a5d2667fcaaf08e5519258c23da3c0ed35b0fb51ab7750456a,512,511,2.71018385887146
S,initial,a07,0,31,a5c6bb2784e438e57e6c21063b5631ad6159e98fd0fdde6f0f393b1a6ad1ec91,0,511,2.7956104278564453
S,initial,a07,0,32,a75479aadac4ab0e14588bb3dbab971354b70cbb22f67008de6af0b25ce850de,6144,511,3.3503284454345703
S,initial,a07,0,33,81985a3b78086a93d7e6ae3ddda453bf5a959744e65bc05418fc1b56f5ec10ca,512,511,2.5940520763397217
S,initial,a07,0,34,2362e3d4278d695e409c7b7ff1512062454f8d035bc9076dff42c632a29fb2ee,0,511,2.287797451019287
S,initial,a07,0,35,85cb58452e909342c236fc118e084fa9adcfddffc1ee3968baed9838eae6ef37,0,511,2.165862798690796
S,initial,a07,0,36,da80b33b4eb70c8d7b4c6a0fc009cedf34a39859057eb8700df906c788e6a4c8,0,511,2.496849536895752
S,initial,a07,0,37,2e3ac91c014b25eebddbb443aa8850683dfc0675b9fed2dc40ec8d5f64ec60d4,0,511,2.349940299987793
S,initial,a07,0,38,3210f7ea4f8c2a390b5fc7a519a58dd185dc01a5700b89f95e427e52d0e581c9,512,511,3.0660109519958496
S,initial,a07,0,39,f5e1818470b34abce111d71989de48dff1e3e4ef0271749d38438e1b6693f635,1536,511,2.388813018798828
S,initial,a07,0,40,3ce4586556ea72a70c76b9203dca8969adc500af610389007ec255f56b1e169e,1024,511,2.8338019847869873
S,initial,a07,0,41,7b804a7a99e4de2942ef98de42165dacd3e16b944e6a538d55df1f634a23d48e,4096,511,2.9201390743255615
S,initial,a07,0,42,f6dd4f9c768666495fe711e166071758aa6c2d321def74a3ae211027ce199501,512,511,3.3105194568634033
S,initial,a07,0,43,31ed14bec015eaaefb165002eb17b020eeb35031b1a592aff7d981de7c6899b3,0,511,2.4679272174835205
S,initial,a07,0,44,b3ff1454cd3a072b015b88f94f6d6889d9c0bd745fc7a5433df7c0d43151854e,512,511,2.704206705093384
S,initial,a07,0,45,3ee074eadb149c8da6002c76352f4113d1c896c63c6c090fd621092749233d6a,8704,511,3.244966745376587
S,initial,a07,0,46,5682e8596b594de16f03e38329a00d1bff4adee96204668f946a90f5292c8136,1024,511,2.8818883895874023
S,initial,a07,0,47,127630e33620c4206cd0e7ad6622f66b144b669ddf653964e56ce6654a7b32f0,3072,511,2.6026499271392822
S,initial,a07,0,48,320f1288c0a9e6e7a3def263d7abab684526479abb06fc68e069fc1a9937c71d,1024,511,2.8475582599639893
S,initial,a07,0,49,58ac024cd69aa321476709f7b1742c6523bf4fb12233b5b6f60d680c8fca8e8e,1536,511,2.7587599754333496
S,initial,a07,0,50,4f84e7678dedadbb233b28e11c014c0798eadf77020a5a8fb4d017d12c99e86d,2560,511,2.296520709991455
S,initial,a07,0,51,99db37e631f9ef519733c8a72d003864c2701de3091cf19e9eba387054fdacac,512,511,3.2130942344665527
S,initial,a07,0,52,0627479429bdaca6ad2b61ecd03d5b65cd330b0351b5ff8f878978d7b00c4ab2,0,511,2.6372199058532715
S,initial,a07,0,53,c1e3085f9b150f54416c89fdea9cdb29ceef7e5050e94af9eafe2053fffe3e64,3584,511,2.3836588859558105
S,initial,a07,0,54,0e6b290375d52c7b5c4cd74b4c7348611213caa15ca0e87d7f6426f9e0f86e04,2048,511,2.663065195083618
S,initial,a07,0,55,16f297fd545d4a150c1908347430e076e51e3560238877a2eec2ac020b7d3bc9,3584,511,2.6308541297912598
S,initial,a07,0,56,243408a375c7d0c1fda52538ba71d700e4d403fd2764c7491c7c1a9b7d7fd7a9,0,511,2.7673208713531494
S,initial,a07,0,57,93133535594204a5a3625fc7b90ff6ad027dca329f0359370d232d4135e91bc1,512,511,2.536491632461548
S,initial,a07,0,58,7c74fa4376b1168685d5d288b916d3317d340aad3044f88d5ca673b76d875d1c,1536,511,2.4933180809020996
S,initial,a07,0,59,447ea32f527637dcb6ef068962a2fabe21ec283698e144c45ed42c46e1b27772,0,511,2.77203106880188
S,initial,a07,0,60,6db7dd742bd03a22121dc39ee8773c9afa1462f4efce21abbe54dc33c4285b1f,0,511,2.573601245880127
S,initial,a07,0,61,dc8a961be5dc24fc777b38869adf84cfc37bbe2f28514ceb0e344d39b7e01906,512,511,2.8590750694274902
S,initial,a07,0,62,3ca10415cf1f0bc4955c7ef0d186c8e93deb4aece0aaaa5fb553b43dfe5ad2aa,0,511,2.764241933822632
S,initial,a07,0,63,6e5c6769277c87aeaf9a4fd680fad1720ce04660f567befd8a9f8c68dde50f64,0,511,2.5704751014709473
S,17,a00,0,0,71ff58ca29d05bef3a99fb59512ec09404e49be906888dc3ea5409ce8a54beea,0,511,2.4101102352142334
S,17,a00,0,1,47ab999a2c488609314576fac2048b7f2a92afad8f7ca0326f23f648d515f167,1536,511,2.2742040157318115
S,17,a00,0,2,c6ff7382a150214656a5c5d777769384c99d3ce7764110fc98e07e5e48fddc7e,1024,511,2.5660953521728516
S,17,a00,0,3,8739f77bc09e02e5783efc804080eff63b9ae7da7008a0e4c6412b47aa6da1c2,2048,511,2.628272533416748
S,17,a00,0,4,a7f7a2250dd6f72080e21112d92bdfd639fcbe8a5a9effd80028c67d5dddd416,0,511,2.554842948913574
S,17,a00,0,5,06cd6da2c73e993c43345dad24088c06b24d496ffc56f5f460b58cfa49d0f3df,0,511,1.75104558467865
S,17,a00,0,6,3adf36bb00be5fa07541f544ce8642a56fcd3a01d456650deaabc83e91d791a1,1024,511,2.815267324447632
S,17,a00,0,7,34c9eb07c804b8ee651c4da1ac1dd801fec51c064819632bd8f4f36bd685b8a1,1024,511,3.132183313369751
S,17,a00,0,8,dcd008e03034d7dcffb4b6abd6aa6f0bfdf0a28ddd0b53dd37784e7c055f10bb,1536,511,2.528654098510742
S,17,a00,0,9,4f58c96286c7c0f0417ea817ca24cf1c2db4ad3d19fdcdcf46124511fbf05b3e,512,511,2.8638758659362793
S,17,a00,0,10,7c5e18ef30b2c1c37d722f19397ccdf563e0428cdde5ff6b99a902d67975541f,5120,511,2.716304063796997
S,17,a00,0,11,47344d32192263b566ca14f66ce20553a4c76ff30204fae6639d7c1dde9a1f11,0,511,2.093820810317993
S,17,a00,0,12,98aa6addc6d0697baff9ad72065efe34b866fb27cb0c3e094c328bb57b98cf2b,512,511,2.6085073947906494
S,17,a00,0,13,d6b58a86755a3af1a5a75d162cfd31bceb70ebe76d43dfd2b64d95def0331c1b,0,511,1.983035922050476
S,17,a00,0,14,c724dc11dc74fa10b6309922c9d014e010a88079d4ca2e3ca96ab091459b166e,0,511,2.4072680473327637
S,17,a00,0,15,aad6037cda830ea2edaf38a004ae82825aa4d21585b2c0f33197a34583613c19,3072,511,2.710698127746582
S,17,a00,0,16,b7140ecf1283718c8b44dd77fefc16ef15f5d7579ad3d6f1da94324d11081ab5,0,511,2.5901737213134766
S,17,a00,0,17,7c0883960fcd42892f41d565a6eb8675b26e6a7b184fa795ec1dea269c0d78f7,2560,511,3.110145092010498
S,17,a00,0,18,e461497c8cf9867275c7b0ab55899126e69b01926436f58a64e902baf22ad1d8,1024,511,2.9671683311462402
S,17,a00,0,19,d236bd424f8c1de8ba7570984678d98d021bd9f796117156ee8c848d8b9e20df,512,511,2.066295862197876
S,17,a00,0,20,b124bcdac530f87fa8b20ed6ba5af0bdc6e2e14fe6348e8e8d9aae3bbb14d7bf,1536,511,2.60909366607666
S,17,a00,0,21,398d9a5e65eb510a4b2165e08da91bc2e7a46f651fd4c2a7c82baca0e3f7c6f7,512,511,3.216306686401367
S,17,a00,0,22,398d4136fe8a7fe859af6d03e3be3e80b0a4a081aa81cad5dad14be6152fbb07,1024,511,2.7686922550201416
S,17,a00,0,23,27c7a212b1dd328e6abafa8ce17f190f047ff7bf7b13546651705123022fac2b,2048,511,2.7138512134552
S,17,a00,0,24,27e29aeb84cb9b2f80dc9061f35e33eb4710e31a4bda2e0ce985e2cb4c4af0d4,512,511,2.550745964050293
S,17,a00,0,25,a7ab0eebec8ed5155f1c0b6b257ae3e70464155e9540fc6cb19d9b21ce07adbe,0,511,2.2199783325195312
S,17,a00,0,26,87c73475752c7552f1b2dfb6631350662bd4d2392ea692266f7fd8d9d49255e6,5120,511,2.7044734954833984
S,17,a00,0,27,4dfcff9cdf6a84e7dc2d2f41f4beeb5bd4a850251f084dbb833319624ea2ba03,1536,511,2.9177634716033936
S,17,a00,0,28,c6a6c920ad14f9ced5cbb1a81a695ee0d1e0cec0886071763eca3b7609793f9a,512,511,3.0219717025756836
S,17,a00,0,29,602491df734b58909d0bdd64c12964094178660aa935fe328832f5ac7c783ce5,6656,511,3.0678489208221436
S,17,a00,0,30,3d3334d8bb76a4a5d2667fcaaf08e5519258c23da3c0ed35b0fb51ab7750456a,512,511,2.5823495388031006
S,17,a00,0,31,a5c6bb2784e438e57e6c21063b5631ad6159e98fd0fdde6f0f393b1a6ad1ec91,0,511,2.7480201721191406
S,17,a00,0,32,a75479aadac4ab0e14588bb3dbab971354b70cbb22f67008de6af0b25ce850de,6144,511,3.183826446533203
S,17,a00,0,33,81985a3b78086a93d7e6ae3ddda453bf5a959744e65bc05418fc1b56f5ec10ca,512,511,2.4795539379119873
S,17,a00,0,34,2362e3d4278d695e409c7b7ff1512062454f8d035bc9076dff42c632a29fb2ee,0,511,2.2497382164001465
S,17,a00,0,35,85cb58452e909342c236fc118e084fa9adcfddffc1ee3968baed9838eae6ef37,0,511,2.0690231323242188
S,17,a00,0,36,da80b33b4eb70c8d7b4c6a0fc009cedf34a39859057eb8700df906c788e6a4c8,0,511,2.4338505268096924
S,17,a00,0,37,2e3ac91c014b25eebddbb443aa8850683dfc0675b9fed2dc40ec8d5f64ec60d4,0,511,2.3385913372039795
S,17,a00,0,38,3210f7ea4f8c2a390b5fc7a519a58dd185dc01a5700b89f95e427e52d0e581c9,512,511,2.9367806911468506
S,17,a00,0,39,f5e1818470b34abce111d71989de48dff1e3e4ef0271749d38438e1b6693f635,1536,511,2.345109701156616
S,17,a00,0,40,3ce4586556ea72a70c76b9203dca8969adc500af610389007ec255f56b1e169e,1024,511,2.797081708908081
S,17,a00,0,41,7b804a7a99e4de2942ef98de42165dacd3e16b944e6a538d55df1f634a23d48e,4096,511,2.8691294193267822
S,17,a00,0,42,f6dd4f9c768666495fe711e166071758aa6c2d321def74a3ae211027ce199501,512,511,3.230074644088745
S,17,a00,0,43,31ed14bec015eaaefb165002eb17b020eeb35031b1a592aff7d981de7c6899b3,0,511,2.377998113632202
S,17,a00,0,44,b3ff1454cd3a072b015b88f94f6d6889d9c0bd745fc7a5433df7c0d43151854e,512,511,2.5953714847564697
S,17,a00,0,45,3ee074eadb149c8da6002c76352f4113d1c896c63c6c090fd621092749233d6a,8704,511,3.183049440383911
S,17,a00,0,46,5682e8596b594de16f03e38329a00d1bff4adee96204668f946a90f5292c8136,1024,511,2.836315631866455
S,17,a00,0,47,127630e33620c4206cd0e7ad6622f66b144b669ddf653964e56ce6654a7b32f0,3072,511,2.5033328533172607
S,17,a00,0,48,320f1288c0a9e6e7a3def263d7abab684526479abb06fc68e069fc1a9937c71d,1024,511,2.8003554344177246
S,17,a00,0,49,58ac024cd69aa321476709f7b1742c6523bf4fb12233b5b6f60d680c8fca8e8e,1536,511,2.7035892009735107
S,17,a00,0,50,4f84e7678dedadbb233b28e11c014c0798eadf77020a5a8fb4d017d12c99e86d,2560,511,2.1686959266662598
S,17,a00,0,51,99db37e631f9ef519733c8a72d003864c2701de3091cf19e9eba387054fdacac,512,511,3.086524724960327
S,17,a00,0,52,0627479429bdaca6ad2b61ecd03d5b65cd330b0351b5ff8f878978d7b00c4ab2,0,511,2.6186327934265137
S,17,a00,0,53,c1e3085f9b150f54416c89fdea9cdb29ceef7e5050e94af9eafe2053fffe3e64,3584,511,2.309652328491211
S,17,a00,0,54,0e6b290375d52c7b5c4cd74b4c7348611213caa15ca0e87d7f6426f9e0f86e04,2048,511,2.68628191947937
S,17,a00,0,55,16f297fd545d4a150c1908347430e076e51e3560238877a2eec2ac020b7d3bc9,3584,511,2.5766947269439697
S,17,a00,0,56,243408a375c7d0c1fda52538ba71d700e4d403fd2764c7491c7c1a9b7d7fd7a9,0,511,2.6589012145996094
S,17,a00,0,57,93133535594204a5a3625fc7b90ff6ad027dca329f0359370d232d4135e91bc1,512,511,2.426459789276123
S,17,a00,0,58,7c74fa4376b1168685d5d288b916d3317d340aad3044f88d5ca673b76d875d1c,1536,511,2.436845541000366
S,17,a00,0,59,447ea32f527637dcb6ef068962a2fabe21ec283698e144c45ed42c46e1b27772,0,511,2.732600688934326
S,17,a00,0,60,6db7dd742bd03a22121dc39ee8773c9afa1462f4efce21abbe54dc33c4285b1f,0,511,2.4240458011627197
S,17,a00,0,61,dc8a961be5dc24fc777b38869adf84cfc37bbe2f28514ceb0e344d39b7e01906,512,511,2.76084041595459
S,17,a00,0,62,3ca10415cf1f0bc4955c7ef0d186c8e93deb4aece0aaaa5fb553b43dfe5ad2aa,0,511,2.7031021118164062
S,17,a00,0,63,6e5c6769277c87aeaf9a4fd680fad1720ce04660f567befd8a9f8c68dde50f64,0,511,2.5242912769317627
S,17,a00,10,0,71ff58ca29d05bef3a99fb59512ec09404e49be906888dc3ea5409ce8a54beea,0,511,2.393594264984131
S,17,a00,10,1,47ab999a2c488609314576fac2048b7f2a92afad8f7ca0326f23f648d515f167,1536,511,2.262885093688965
S,17,a00,10,2,c6ff7382a150214656a5c5d777769384c99d3ce7764110fc98e07e5e48fddc7e,1024,511,2.550396203994751
S,17,a00,10,3,8739f77bc09e02e5783efc804080eff63b9ae7da7008a0e4c6412b47aa6da1c2,2048,511,2.6082377433776855
S,17,a00,10,4,a7f7a2250dd6f72080e21112d92bdfd639fcbe8a5a9effd80028c67d5dddd416,0,511,2.5430846214294434
S,17,a00,10,5,06cd6da2c73e993c43345dad24088c06b24d496ffc56f5f460b58cfa49d0f3df,0,511,1.747637391090393
S,17,a00,10,6,3adf36bb00be5fa07541f544ce8642a56fcd3a01d456650deaabc83e91d791a1,1024,511,2.8056905269622803
S,17,a00,10,7,34c9eb07c804b8ee651c4da1ac1dd801fec51c064819632bd8f4f36bd685b8a1,1024,511,3.101898670196533
S,17,a00,10,8,dcd008e03034d7dcffb4b6abd6aa6f0bfdf0a28ddd0b53dd37784e7c055f10bb,1536,511,2.511279582977295
S,17,a00,10,9,4f58c96286c7c0f0417ea817ca24cf1c2db4ad3d19fdcdcf46124511fbf05b3e,512,511,2.8420538902282715
S,17,a00,10,10,7c5e18ef30b2c1c37d722f19397ccdf563e0428cdde5ff6b99a902d67975541f,5120,511,2.7028794288635254
S,17,a00,10,11,47344d32192263b566ca14f66ce20553a4c76ff30204fae6639d7c1dde9a1f11,0,511,2.075474739074707
S,17,a00,10,12,98aa6addc6d0697baff9ad72065efe34b866fb27cb0c3e094c328bb57b98cf2b,512,511,2.594849109649658
S,17,a00,10,13,d6b58a86755a3af1a5a75d162cfd31bceb70ebe76d43dfd2b64d95def0331c1b,0,511,1.9599931240081787
S,17,a00,10,14,c724dc11dc74fa10b6309922c9d014e010a88079d4ca2e3ca96ab091459b166e,0,511,2.390064001083374
S,17,a00,10,15,aad6037cda830ea2edaf38a004ae82825aa4d21585b2c0f33197a34583613c19,3072,511,2.695002317428589
S,17,a00,10,16,b7140ecf1283718c8b44dd77fefc16ef15f5d7579ad3d6f1da94324d11081ab5,0,511,2.5846006870269775
S,17,a00,10,17,7c0883960fcd42892f41d565a6eb8675b26e6a7b184fa795ec1dea269c0d78f7,2560,511,3.1018431186676025
S,17,a00,10,18,e461497c8cf9867275c7b0ab55899126e69b01926436f58a64e902baf22ad1d8,1024,511,2.9442813396453857
S,17,a00,10,19,d236bd424f8c1de8ba7570984678d98d021bd9f796117156ee8c848d8b9e20df,512,511,2.0477890968322754
S,17,a00,10,20,b124bcdac530f87fa8b20ed6ba5af0bdc6e2e14fe6348e8e8d9aae3bbb14d7bf,1536,511,2.5892021656036377
S,17,a00,10,21,398d9a5e65eb510a4b2165e08da91bc2e7a46f651fd4c2a7c82baca0e3f7c6f7,512,511,3.198930501937866
S,17,a00,10,22,398d4136fe8a7fe859af6d03e3be3e80b0a4a081aa81cad5dad14be6152fbb07,1024,511,2.7439303398132324
S,17,a00,10,23,27c7a212b1dd328e6abafa8ce17f190f047ff7bf7b13546651705123022fac2b,2048,511,2.670689821243286
S,17,a00,10,24,27e29aeb84cb9b2f80dc9061f35e33eb4710e31a4bda2e0ce985e2cb4c4af0d4,512,511,2.5431106090545654
S,17,a00,10,25,a7ab0eebec8ed5155f1c0b6b257ae3e70464155e9540fc6cb19d9b21ce07adbe,0,511,2.1967172622680664
S,17,a00,10,26,87c73475752c7552f1b2dfb6631350662bd4d2392ea692266f7fd8d9d49255e6,5120,511,2.6789050102233887
S,17,a00,10,27,4dfcff9cdf6a84e7dc2d2f41f4beeb5bd4a850251f084dbb833319624ea2ba03,1536,511,2.905012845993042
S,17,a00,10,28,c6a6c920ad14f9ced5cbb1a81a695ee0d1e0cec0886071763eca3b7609793f9a,512,511,3.018017053604126
S,17,a00,10,29,602491df734b58909d0bdd64c12964094178660aa935fe328832f5ac7c783ce5,6656,511,3.0699987411499023
S,17,a00,10,30,3d3334d8bb76a4a5d2667fcaaf08e5519258c23da3c0ed35b0fb51ab7750456a,512,511,2.553347587585449
S,17,a00,10,31,a5c6bb2784e438e57e6c21063b5631ad6159e98fd0fdde6f0f393b1a6ad1ec91,0,511,2.730602502822876
S,17,a00,10,32,a75479aadac4ab0e14588bb3dbab971354b70cbb22f67008de6af0b25ce850de,6144,511,3.1796369552612305
S,17,a00,10,33,81985a3b78086a93d7e6ae3ddda453bf5a959744e65bc05418fc1b56f5ec10ca,512,511,2.4617767333984375
S,17,a00,10,34,2362e3d4278d695e409c7b7ff1512062454f8d035bc9076dff42c632a29fb2ee,0,511,2.2424118518829346
S,17,a00,10,35,85cb58452e909342c236fc118e084fa9adcfddffc1ee3968baed9838eae6ef37,0,511,2.058135509490967
S,17,a00,10,36,da80b33b4eb70c8d7b4c6a0fc009cedf34a39859057eb8700df906c788e6a4c8,0,511,2.414914846420288
S,17,a00,10,37,2e3ac91c014b25eebddbb443aa8850683dfc0675b9fed2dc40ec8d5f64ec60d4,0,511,2.3243744373321533
S,17,a00,10,38,3210f7ea4f8c2a390b5fc7a519a58dd185dc01a5700b89f95e427e52d0e581c9,512,511,2.9321682453155518
S,17,a00,10,39,f5e1818470b34abce111d71989de48dff1e3e4ef0271749d38438e1b6693f635,1536,511,2.341148853302002
S,17,a00,10,40,3ce4586556ea72a70c76b9203dca8969adc500af610389007ec255f56b1e169e,1024,511,2.7784461975097656
S,17,a00,10,41,7b804a7a99e4de2942ef98de42165dacd3e16b944e6a538d55df1f634a23d48e,4096,511,2.862532138824463
S,17,a00,10,42,f6dd4f9c768666495fe711e166071758aa6c2d321def74a3ae211027ce199501,512,511,3.2133405208587646
S,17,a00,10,43,31ed14bec015eaaefb165002eb17b020eeb35031b1a592aff7d981de7c6899b3,0,511,2.352958917617798
S,17,a00,10,44,b3ff1454cd3a072b015b88f94f6d6889d9c0bd745fc7a5433df7c0d43151854e,512,511,2.585820436477661
S,17,a00,10,45,3ee074eadb149c8da6002c76352f4113d1c896c63c6c090fd621092749233d6a,8704,511,3.16705060005188
S,17,a00,10,46,5682e8596b594de16f03e38329a00d1bff4adee96204668f946a90f5292c8136,1024,511,2.8298754692077637
S,17,a00,10,47,127630e33620c4206cd0e7ad6622f66b144b669ddf653964e56ce6654a7b32f0,3072,511,2.481527805328369
S,17,a00,10,48,320f1288c0a9e6e7a3def263d7abab684526479abb06fc68e069fc1a9937c71d,1024,511,2.779024839401245
S,17,a00,10,49,58ac024cd69aa321476709f7b1742c6523bf4fb12233b5b6f60d680c8fca8e8e,1536,511,2.690380334854126
S,17,a00,10,50,4f84e7678dedadbb233b28e11c014c0798eadf77020a5a8fb4d017d12c99e86d,2560,511,2.1571366786956787
S,17,a00,10,51,99db37e631f9ef519733c8a72d003864c2701de3091cf19e9eba387054fdacac,512,511,3.089193820953369
S,17,a00,10,52,0627479429bdaca6ad2b61ecd03d5b65cd330b0351b5ff8f878978d7b00c4ab2,0,511,2.6032798290252686
S,17,a00,10,53,c1e3085f9b150f54416c89fdea9cdb29ceef7e5050e94af9eafe2053fffe3e64,3584,511,2.2963297367095947
S,17,a00,10,54,0e6b290375d52c7b5c4cd74b4c7348611213caa15ca0e87d7f6426f9e0f86e04,2048,511,2.654125452041626
S,17,a00,10,55,16f297fd545d4a150c1908347430e076e51e3560238877a2eec2ac020b7d3bc9,3584,511,2.5698134899139404
S,17,a00,10,56,243408a375c7d0c1fda52538ba71d700e4d403fd2764c7491c7c1a9b7d7fd7a9,0,511,2.6361396312713623
S,17,a00,10,57,93133535594204a5a3625fc7b90ff6ad027dca329f0359370d232d4135e91bc1,512,511,2.417435646057129
S,17,a00,10,58,7c74fa4376b1168685d5d288b916d3317d340aad3044f88d5ca673b76d875d1c,1536,511,2.4164419174194336
S,17,a00,10,59,447ea32f527637dcb6ef068962a2fabe21ec283698e144c45ed42c46e1b27772,0,511,2.710710048675537
S,17,a00,10,60,6db7dd742bd03a22121dc39ee8773c9afa1462f4efce21abbe54dc33c4285b1f,0,511,2.408601999282837
S,17,a00,10,61,dc8a961be5dc24fc777b38869adf84cfc37bbe2f28514ceb0e344d39b7e01906,512,511,2.736699104309082
S,17,a00,10,62,3ca10415cf1f0bc4955c7ef0d186c8e93deb4aece0aaaa5fb553b43dfe5ad2aa,0,511,2.685558557510376
S,17,a00,10,63,6e5c6769277c87aeaf9a4fd680fad1720ce04660f567befd8a9f8c68dde50f64,0,511,2.4991259574890137
